ID,Company,Model,Segment,Predictia modelului
1,BMW,BMW 1 Series (F40) (2019-Present),Compact,Compact
2,KIA,2012 Kia cee'd,Compact,Compact
3,OPEL,OPEL Astra GTC (2011-Present),Compact,Compact
4,PROTON,PROTON Preve (2011-Present),Compact,Compact
5,ALFA ROMEO,ALFA ROMEO Giulietta (2016-Present),Compact,Compact
6,BMW,BMW 1 Series 3 doors (F20) LCI (2017-Present),Compact,Compact
7,SEAT,SEAT Ibiza 5 doors (2017-Present),Compact,Crossover
8,ALFA ROMEO,ALFA ROMEO Giulietta (2016-Present),Compact,Compact
9,OPEL,OPEL Corsa 3 Doors (2014-Present),Compact,Compact
10,OPEL,OPEL Corsa 3 Doors (2014-Present),Compact,Compact
11,OPEL,OPEL Astra GTC (2011-Present),Compact,Compact
12,AUDI,AUDI A3 Cabriolet (2016-Present),Compact,Compact
13,ALFA ROMEO,ALFA ROMEO Giulia (2022-Present),Compact,Medium
14,DATSUN,DATSUN on-Do (2014-Present),Compact,Compact
15,MINI,MINI Clubman (2019-Present),Compact,Compact
16,ALFA ROMEO,ALFA ROMEO Giulietta (2016-Present),Compact,Compact
17,SKODA,SKODA Rapid Spaceback (2013-Present),Compact,Compact
18,MAZDA,2019 Mazda 3/Axela Hatchback,Compact,Compact
19,AUDI,AUDI A3 Cabriolet (2016-Present),Compact,Coupe Cabrio
20,SUZUKI,SUZUKI Baleno (2016-Present),Compact,Compact
21,SKODA,2019 Skoda Scala,Compact,Compact
22,AUDI,AUDI A3 Sportback (2020-Present),Compact,Compact
23,OPEL,OPEL Astra Sport Sedan (2012-Present),Compact,Compact
24,OPEL,OPEL Corsa 3 Doors (2014-Present),Compact,Compact
25,FORD,FORD Focus Active Wagon (2021-Present),Compact,Compact
26,NISSAN,NISSAN Primera Sedan (2002-Present),Compact,Compact
27,SKODA,SKODA Superb (2019-Present),Compact,Medium
28,BMW,BMW 1 Series 3 doors (F20) LCI (2017-Present),Compact,Compact
29,OPEL,2020 Opel Corsa,Compact,Crossover
30,MAZDA,2019 Mazda 3/Axela Hatchback,Compact,Compact
31,KIA,2012 Kia cee'd Sportswagon,Compact,Compact
32,MERCEDES BENZ,2019 Mercedes-Benz CLA Shooting Brake,Compact,Lower Premium
33,KIA,2012 Kia cee'd Sportswagon,Compact,Compact
34,OPEL,OPEL Astra GTC (2011-Present),Compact,Compact
35,SKODA,2019 Skoda Scala,Compact,Compact
36,FIAT,FIAT Panda (2011-Present),Compact,Mini
37,CHEVROLET,CHEVROLET Cruze Wagon (2012-Present),Compact,Compact
38,VOLKSWAGEN,VOLKSWAGEN Scirocco (2014-Present),Compact,Compact
39,RENAULT,RENAULT Captur (2019-Present),Compact,Crossover
40,SEAT,SEAT Leon SC 3-doors (2017-Present),Compact,Compact
41,BMW,BMW 2 Series Gran Tourer (F46) (2018-Present),Compact,Medium MPV
42,KIA,2012 Kia cee'd,Compact,Compact
43,MERCEDES BENZ,MERCEDES BENZ A-Class Sedan (V177) (2018-Present),Compact,Compact
44,FORD,FORD Fusion (2018-Present),Compact,Lower Premium
45,FIAT,FIAT Tipo / Egea (2015-Present),Compact,Compact
46,DS AUTOMOBILES,DS AUTOMOBILES DS 5 (2016-Present),Compact,Compact
47,MINI,MINI Clubman (2019-Present),Compact,Compact
48,KIA,2012 Kia cee'd Sportswagon,Compact,Compact
49,VOLKSWAGEN,VOLKSWAGEN Scirocco (2014-Present),Compact,Compact
50,MERCEDES BENZ,2019 Mercedes-Benz CLA Shooting Brake,Compact,Entry Premium
51,SKODA,SKODA Rapid Spaceback (2013-Present),Compact,Compact
52,SEAT,SEAT Leon SC 3-doors (2017-Present),Compact,Roadster & Convertible
53,MERCEDES BENZ,MERCEDES BENZ A-Class Sedan (V177) (2018-Present),Compact,Compact
54,BMW,BMW 1 Series (F40) (2019-Present),Compact,Compact
55,CHEVROLET,CHEVROLET Cruze HB5 (2011-Present),Compact,Compact
56,OPEL,OPEL Corsa 3 Doors (2014-Present),Compact,Mini
57,OPEL,OPEL Astra GTC (2011-Present),Compact,Compact
58,SEAT,SEAT Ibiza 5 doors (2017-Present),Compact,Crossover
59,OPEL,OPEL Corsa 3 Doors (2014-Present),Compact,Mini
60,KIA,2019 Kia ProCeed,Compact,Compact
61,MINI,MINI Mini Cooper 3-door (2021-Present),Compact,Small
62,SKODA,SKODA Fabia Combi (2018-Present),Compact,Compact
63,MINI,MINI Mini Cooper 3-door (2021-Present),Compact,Mini
64,MERCEDES BENZ,MERCEDES BENZ A-Class Sedan (V177) (2018-Present),Compact,Compact
65,BMW,BMW M8 Gran Coupe (2022-Present),Compact,Luxury
66,OPEL,OPEL Corsa 3 Doors (2014-Present),Compact,Compact
67,OPEL,OPEL Astra Sport Sedan (2012-Present),Compact,Compact
68,HOLDEN,HOLDEN Cruze (2008-Present),Compact,Compact
69,OPEL,OPEL Astra Sport Sedan (2012-Present),Compact,Compact
70,HOLDEN,HOLDEN Cruze (2008-Present),Compact,Compact
71,FIAT,FIAT Tipo Station Wagon (2016-Present),Compact,Compact
72,CHEVROLET,CHEVROLET Cruze Wagon (2012-Present),Compact,Compact
73,CHEVROLET,CHEVROLET Cruze HB5 (2011-Present),Compact,Compact
74,AUDI,AUDI A3 Cabriolet (2016-Present),Compact,Compact
75,DS AUTOMOBILES,DS AUTOMOBILES DS 5 (2016-Present),Compact,Compact
76,BMW,BMW 1 Series 3 doors (F20) LCI (2017-Present),Compact,Compact
77,CHEVROLET,CHEVROLET Cruze Wagon (2012-Present),Compact,Compact
78,KIA,2012 Kia cee'd Sportswagon,Compact,Compact
79,DS AUTOMOBILES,DS AUTOMOBILES DS 5 (2016-Present),Compact,Compact
80,OPEL,OPEL Corsa 3 Doors (2014-Present),Compact,Mini
81,MITSUBISHI,MITSUBISHI Lancer Sportback (2008-Present),Compact,Compact
82,VOLKSWAGEN,VOLKSWAGEN Golf Variant (2020-Present),Compact,Compact
83,DS AUTOMOBILES,DS AUTOMOBILES DS 5 (2016-Present),Compact,Compact
84,SUZUKI,SUZUKI Baleno (2016-Present),Compact,Compact
85,MERCEDES BENZ,2019 Mercedes-Benz CLA Shooting Brake,Compact,Lower Premium
86,HOLDEN,HOLDEN Cruze (2008-Present),Compact,Compact
87,AUDI,AUDI A3 Cabriolet (2016-Present),Compact,Coupe Cabrio
88,QOROS,QOROS 3 Hatchbach (2014-Present),Compact,Compact
89,NISSAN,NISSAN Primera Sedan (2002-Present),Compact,Compact
90,TOYOTA,TOYOTA AURIS (2018-Present),Compact,Compact
91,BMW,BMW M3 Touring (2022-Present),Compact,Medium Premium
92,SKODA,SKODA Fabia Combi (2018-Present),Compact,Compact
93,BMW,BMW 1 Series 3 doors (F20) LCI (2017-Present),Compact,Compact
94,CITROEN,CITROEN DS5 (2011-Present),Compact,Compact
95,GENESIS,GENESIS G70 Shooting Brake (2021-Present),Compact,Coupe Cabrio
96,OPEL,OPEL Corsa 3 Doors (2014-Present),Compact,Compact
97,BMW,BMW 1 Series 3 doors (F20) LCI (2017-Present),Compact,Compact
98,KIA,2012 Kia cee'd Sportswagon,Compact,Compact
99,AUDI,AUDI A3 Sportback (2020-Present),Compact,Compact
100,VOLKSWAGEN,VOLKSWAGEN Scirocco (2014-Present),Compact,Compact
101,FIAT,FIAT Tipo / Egea (2015-Present),Compact,Compact
102,RENAULT,RENAULT Captur (2019-Present),Compact,Crossover
103,HOLDEN,HOLDEN Cruze (2008-Present),Compact,Compact
104,OPEL,2020 Opel Corsa,Compact,Compact
105,BMW,BMW 1 Series 3 doors (F20) LCI (2017-Present),Compact,Compact
106,BMW,BMW 1 Series 3 doors (F20) LCI (2017-Present),Compact,Compact
107,CITROEN,CITROEN DS5 (2011-Present),Compact,Compact
108,KIA,2012 Kia cee'd Sportswagon,Compact,Compact
109,SEAT,SEAT Ibiza 5 Doors (2021-Present),Compact,Mini
110,SKODA,2019 Skoda Scala,Compact,Compact
111,RENAULT,RENAULT Captur (2019-Present),Compact,Crossover
112,KIA,2012 Kia cee'd Sportswagon,Compact,Compact
113,CHEVROLET,CHEVROLET Cruze HB5 (2011-Present),Compact,Compact
114,AUDI,AUDI A3 Sedan (2020-Present),Compact,Compact
115,DS AUTOMOBILES,DS AUTOMOBILES DS 5 (2016-Present),Compact,Compact
116,OPEL,2022 Opel Astra Sport Tourer,Compact,Compact
117,BMW,BMW 1 Series 3 doors (F20) LCI (2017-Present),Compact,Compact
118,BMW,BMW 2 Series Gran Tourer (F46) (2018-Present),Compact,Medium MPV
119,ALFA ROMEO,ALFA ROMEO Giulietta (2016-Present),Compact,Compact
120,NISSAN,NISSAN Primera Sedan (2002-Present),Compact,Compact
121,SKODA,SKODA Rapid Spaceback (2013-Present),Compact,Compact
122,MINI,MINI Mini Cooper 3-door (2021-Present),Compact,Small
123,MERCEDES BENZ,2019 Mercedes-Benz CLA Shooting Brake,Compact,Entry Premium
124,VOLKSWAGEN,VOLKSWAGEN Golf Variant (2020-Present),Compact,Compact
125,OPEL,OPEL Astra GTC (2011-Present),Compact,Compact
126,OPEL,2020 Opel Corsa,Compact,Compact
127,RENAULT,RENAULT Captur (2019-Present),Compact,Crossover
128,TOYOTA,TOYOTA Corolla (2018-Present),Compact,Compact
129,PEUGEOT,PEUGEOT 308 GTi (2017-Present),Compact,Compact
130,AUDI,AUDI A3 Cabriolet (2016-Present),Compact,Coupe Cabrio
131,MERCEDES BENZ,MERCEDES BENZ A-Class Sedan (V177) (2018-Present),Compact,Compact
132,VOLKSWAGEN,VOLKSWAGEN Golf Variant (2020-Present),Compact,Compact
133,KIA,KIA cee'd (2015-Present),Compact,Compact
134,OPEL,OPEL Astra GTC (2011-Present),Compact,Compact
135,SKODA,SKODA Rapid (2012-Present),Compact,Compact
136,BMW,BMW 1 Series 3 doors (F20) LCI (2017-Present),Compact,Compact
137,VOLKSWAGEN,VOLKSWAGEN Golf Sportsvan (2017-Present),Compact,Medium MPV
138,SEAT,SEAT Leon SC 3-doors (2017-Present),Compact,Compact
139,FORD,FORD Focus ST (2021-Present),Compact,Compact
140,SEAT,SEAT Leon Cupra (2013-Present),Compact,Compact
141,OPEL,2022 Opel Astra Sport Tourer,Compact,Compact
142,MERCEDES BENZ,MERCEDES BENZ C-Class All-Terrain (2021-Present),Compact,Medium Premium
143,VOLKSWAGEN,VOLKSWAGEN Scirocco (2014-Present),Compact,Compact
144,MERCEDES BENZ,2019 Mercedes-Benz CLA Shooting Brake,Compact,Lower Premium
145,MITSUBISHI,MITSUBISHI Lancer Sportback (2008-Present),Compact,Compact
146,OPEL,2022 Opel Astra Sport Tourer,Compact,Compact
147,MERCEDES BENZ,MERCEDES BENZ A-Class Sedan (V177) (2018-Present),Compact,Compact
148,ALFA ROMEO,ALFA ROMEO Giulietta (2016-Present),Compact,Compact
149,BMW,BMW 2 Series Gran Tourer (F46) (2018-Present),Compact,Crossover
150,KIA,2019 Kia ProCeed,Compact,Compact
151,VOLKSWAGEN,VOLKSWAGEN Golf Variant (2020-Present),Compact,Compact
152,OPEL,2022 Opel Astra Sport Tourer,Compact,Compact
153,CHEVROLET,CHEVROLET Cruze Wagon (2012-Present),Compact,Compact
154,BMW,BMW 2 Series Gran Tourer (F46) (2018-Present),Compact,Crossover
155,PROTON,PROTON Preve (2011-Present),Compact,Compact
156,AUDI,AUDI A3 Sedan (2020-Present),Compact,Compact
157,OPEL,2020 Opel Corsa,Compact,Crossover
158,SKODA,SKODA Rapid (2012-Present),Compact,Compact
159,MERCEDES BENZ,2019 Mercedes-Benz CLA Shooting Brake,Compact,Lower Premium
160,KIA,2019 Kia ProCeed,Compact,Compact
161,AUDI,AUDI A3 Cabriolet (2016-Present),Compact,Compact
162,VOLKSWAGEN,VOLKSWAGEN Scirocco (2014-Present),Compact,Compact
163,MERCEDES BENZ,MERCEDES BENZ A-Class Sedan (V177) (2018-Present),Compact,Compact
164,VOLKSWAGEN,2022 Volkswagen Polo GTI,Compact,Compact
165,OPEL,OPEL Astra Sport Sedan (2012-Present),Compact,Compact
166,FIAT,FIAT Panda (2011-Present),Compact,Mini
167,KIA,2012 Kia cee'd,Compact,Compact
168,VOLKSWAGEN,VOLKSWAGEN Golf Sportsvan (2017-Present),Compact,Medium MPV
169,KIA,KIA cee'd (2015-Present),Compact,Compact
170,SKODA,SKODA Superb (2019-Present),Compact,Medium
171,OPEL,OPEL Astra Sport Sedan (2012-Present),Compact,Compact
172,RENAULT,RENAULT Megane Coupe - Cabrio (2014-Present),Compact,Compact
173,AUDI,AUDI A3 Sedan (2020-Present),Compact,Compact
174,MERCEDES BENZ,2019 Mercedes-Benz CLA Shooting Brake,Compact,Entry Premium
175,SKODA,SKODA Rapid Spaceback (2013-Present),Compact,Compact
176,CHEVROLET,CHEVROLET Cruze HB5 (2011-Present),Compact,Compact
177,VOLKSWAGEN,VOLKSWAGEN Golf Variant (2020-Present),Compact,Compact
178,BMW,BMW 2 Series Gran Tourer (F46) (2018-Present),Compact,Medium MPV
179,VOLKSWAGEN,VOLKSWAGEN Scirocco (2014-Present),Compact,Compact
180,BMW,BMW 1 Series (F40) (2019-Present),Compact,Compact
181,MERCEDES BENZ,MERCEDES BENZ A-Class Sedan (V177) (2018-Present),Compact,Compact
182,OPEL,2022 Opel Astra Sport Tourer,Compact,Compact
183,MERCEDES BENZ,2019 Mercedes-Benz CLA Shooting Brake,Compact,Entry Premium
184,QOROS,QOROS 3 Hatchbach (2014-Present),Compact,Compact
185,RENAULT,RENAULT Captur (2019-Present),Compact,Crossover
186,CITROEN,2013 Citroen C-Elysee,Compact,Compact
187,KIA,2012 Kia cee'd Sportswagon,Compact,Compact
188,MAZDA,2019 Mazda 3/Axela Hatchback,Compact,Compact
189,OPEL,OPEL Astra Sport Sedan (2012-Present),Compact,Compact
190,FIAT,Fiat 500C Abarth,Compact,Mini
191,CITROEN,CITROEN C3 (2019-Present),Compact,Compact
192,SKODA,SKODA Rapid (2012-Present),Compact,Compact
193,VOLKSWAGEN,VOLKSWAGEN Scirocco (2014-Present),Compact,Compact
194,VOLKSWAGEN,VOLKSWAGEN Scirocco (2014-Present),Compact,Compact
195,AUDI,AUDI S6 Sedan (2019-Present),Compact,Lower Premium
196,RENAULT,RENAULT Captur (2019-Present),Compact,Crossover
197,SKODA,SKODA Rapid (2012-Present),Compact,Compact
198,BMW,BMW 1 Series 3 doors (F20) LCI (2017-Present),Compact,Compact
199,DS AUTOMOBILES,DS AUTOMOBILES DS 4 (2021-Present),Compact,Compact
200,MERCEDES BENZ,MERCEDES BENZ C-Class All-Terrain (2021-Present),Compact,Compact
201,OPEL,OPEL Astra GTC (2011-Present),Compact,Compact
202,BMW,BMW 1 Series 3 doors (F20) LCI (2017-Present),Compact,Compact
203,KIA,KIA cee'd (2015-Present),Compact,Compact
204,Mercedes-AMG,Mercedes-AMG C43 AMG Estate (2022-Present),Compact,Compact
205,DACIA,DACIA Logan MCV Stepway (2017-Present),Compact,Compact
206,BMW,BMW 1 Series (F40) (2019-Present),Compact,Compact
207,KIA,KIA cee'd (2015-Present),Compact,Compact
208,GENESIS,GENESIS G70 Shooting Brake (2021-Present),Compact,Medium
209,SEAT,SEAT Leon Cupra (2013-Present),Compact,Compact
210,DACIA,DACIA Logan MCV Stepway (2017-Present),Compact,Compact
211,OPEL,OPEL Astra Sport Sedan (2012-Present),Compact,Compact
212,AUDI,AUDI RS4 Avant (B9) (2019-Present),Compact,Compact
213,CITROEN,CITROEN DS5 (2011-Present),Compact,Compact
214,SKODA,SKODA Rapid Spaceback (2013-Present),Compact,Compact
215,AUDI,AUDI A3 Sportback (2020-Present),Compact,Compact
216,VOLKSWAGEN,VOLKSWAGEN Golf Variant (2020-Present),Compact,Compact
217,DS AUTOMOBILES,DS AUTOMOBILES DS 4 (2021-Present),Compact,Compact
218,KIA,2012 Kia cee'd,Compact,Compact
219,FIAT,FIAT Panda (2011-Present),Compact,Mini
220,KIA,KIA cee'd (2015-Present),Compact,Compact
221,RENAULT,RENAULT Captur (2019-Present),Compact,Crossover
222,SKODA,SKODA Fabia Combi (2018-Present),Compact,Compact
223,VOLKSWAGEN,VOLKSWAGEN Scirocco (2014-Present),Compact,Compact
224,HYUNDAI,HYUNDAI Ioniq (2019-Present),Compact,Compact
225,CITROEN,CITROEN C3 (2019-Present),Compact,Small
226,OPEL,OPEL Astra GTC (2011-Present),Compact,Compact
227,DACIA,DACIA Logan MCV Stepway (2017-Present),Compact,Compact
228,BMW,BMW 1 Series 3 doors (F20) LCI (2017-Present),Compact,Compact
229,SUZUKI,SUZUKI Swift Sport (2017-Present),Compact,Crossover
230,CITROEN,CITROEN DS5 (2011-Present),Compact,Compact
231,FORD,FORD Fusion (2018-Present),Compact,Lower Premium
232,MERCEDES BENZ,2019 Mercedes-Benz CLA Shooting Brake,Compact,Entry Premium
233,BMW,BMW 1 Series (F40) (2019-Present),Compact,Compact
234,SKODA,SKODA Rapid (2012-Present),Compact,Compact
235,MERCEDES BENZ,2019 Mercedes-Benz CLA Shooting Brake,Compact,Entry Premium
236,DACIA,DACIA Logan MCV Stepway (2017-Present),Compact,Compact
237,NISSAN,NISSAN Pulsar (2014-Present),Compact,Compact
238,SEAT,2015 Seat Leon ST Cupra,Compact,Compact
239,CITROEN,CITROEN DS5 (2011-Present),Compact,Compact
240,AUDI,AUDI A3 Sedan (2020-Present),Compact,Compact
241,SEAT,SEAT Leon Cupra (2013-Present),Compact,Compact
242,KIA,2012 Kia cee'd,Compact,Compact
243,MERCEDES BENZ,MERCEDES BENZ A-Class Sedan (V177) (2018-Present),Compact,Compact
244,VOLKSWAGEN,VOLKSWAGEN Golf Variant (2020-Present),Compact,Compact
245,SEAT,SEAT Leon Cupra (2013-Present),Compact,Compact
246,OPEL,OPEL Corsa 3 Doors (2014-Present),Compact,Mini
247,TOYOTA,TOYOTA AURIS (2018-Present),Compact,Compact
248,NISSAN,NISSAN Primera Sedan (2002-Present),Compact,Compact
249,CITROEN,2013 Citroen C-Elysee,Compact,Compact
250,CITROEN,2013 Citroen C-Elysee,Compact,Compact
251,TOYOTA,TOYOTA Corolla (2018-Present),Compact,Compact
252,OPEL,OPEL Astra Sport Sedan (2012-Present),Compact,Compact
253,RENAULT,RENAULT Megane Coupe - Cabrio (2014-Present),Compact,Compact
254,BMW,BMW 1 Series 3 doors (F20) LCI (2017-Present),Compact,Compact
255,DATSUN,DATSUN on-Do (2014-Present),Compact,Compact
256,CITROEN,CITROEN DS5 (2011-Present),Compact,Compact
257,GENESIS,GENESIS G70 (2021-Present),Compact,Coupe Cabrio
258,BMW,BMW 1 Series 3 doors (F20) LCI (2017-Present),Compact,Compact
259,DATSUN,DATSUN on-Do (2014-Present),Compact,Compact
260,TOYOTA,TOYOTA AURIS (2018-Present),Compact,Compact
261,NISSAN,NISSAN Pulsar (2014-Present),Compact,Compact
262,MINI,MINI Mini Cooper 3-door (2021-Present),Compact,Small
404,BMW,2019,Medium SUV,Crossover
405,LAND ROVER,2018 Land Rover Range Rover Velar,Medium SUV,Medium SUV
406,BMW,BMW X3 M (F97) (2019-Present),Medium SUV,Medium SUV
407,BMW,BMW X3 M (F97) (2021-Present),Medium SUV,Medium SUV
408,MERCEDES BENZ,2020 Mercedes-Benz GLE,Medium SUV,Large SUV
409,OPEL,OPEL Grandland (2021-Present),Medium SUV,Crossover
410,MERCEDES BENZ,2020 Mercedes-Benz GLC Coupe,Medium SUV,Crossover
411,BMW,BMW X3 (2021-Present),Medium SUV,Medium SUV
412,BMW,BMW X4 M (F98) (2019-Present),Medium SUV,Medium SUV
413,BMW,BMW X3 (2021-Present),Medium SUV,Medium SUV
414,HONDA,HONDA HR-V (2022-Present),Medium SUV,Small SUV
415,MASERATI,2023 Maserati Grecale Trofeo,Medium SUV,Medium SUV
416,PORSCHE,2024 Porsche Cayenne S,Medium SUV,Large SUV
417,OPEL,OPEL Grandland (2021-Present),Medium SUV,Crossover
418,JEEP,JEEP Cherokee (2018-Present),Medium SUV,Premium SUV
419,BMW,BMW X4 (2021-Present),Medium SUV,Medium SUV
420,LAND ROVER,2018 Land Rover Range Rover Velar,Medium SUV,Medium SUV
421,BMW,BMW X4 (2021-Present),Medium SUV,Medium SUV
422,LAND ROVER,2018 Land Rover Range Rover Velar,Medium SUV,Large SUV
423,LAND ROVER,2018 Land Rover Range Rover Velar,Medium SUV,Medium SUV
424,ASTON MARTIN,ASTON MARTIN DBX707 (2022-Present),Medium SUV,Medium SUV
425,LAND ROVER,2018 Land Rover Range Rover Velar,Medium SUV,Premium SUV
426,RENAULT,2022 Renault Arkana,Medium SUV,Compact
427,LAND ROVER,2020 Land Rover Defender 110,Medium SUV,Large SUV
428,KIA,KIA Sorento (US) (2018-Present),Medium SUV,Small SUV
429,LAND ROVER,2018 Land Rover Range Rover Velar,Medium SUV,Large SUV
430,BMW,BMW X4 M (F98) (2021-Present),Medium SUV,Medium SUV
431,MERCEDES BENZ,2020 Mercedes-Benz GLC Coupe,Medium SUV,Crossover
432,PORSCHE,2024 Porsche Cayenne Turbo E-Hybrid,Medium SUV,Medium SUV
433,MERCEDES BENZ,2020 Mercedes-Benz GLE,Medium SUV,Large SUV
434,MASERATI,2023 Maserati Grecale GT,Medium SUV,Medium SUV
435,OPEL,OPEL Grandland (2021-Present),Medium SUV,Crossover
436,RENAULT,2024 Renault Arkana,Medium SUV,Compact
437,LAND ROVER,2020 Land Rover Defender 110,Medium SUV,Premium SUV
438,KIA,KIA Borrego (2009-Present),Medium SUV,Large SUV
439,LAMBORGHINI,2023 Lamborghini Urus S,Medium SUV,Medium SUV
440,BMW,BMW X3 M (F97) (2019-Present),Medium SUV,Medium SUV
441,BMW,BMW X3 (2021-Present),Medium SUV,Medium SUV
442,RENAULT,2024 Renault Arkana,Medium SUV,Crossover
443,LAMBORGHINI,LAMBORGHINI Urus (2018-Present),Medium SUV,Medium SUV
444,SKODA,SKODA Karoq (2021-Present),Medium SUV,Crossover
445,LAND ROVER,2018 Land Rover Range Rover Velar,Medium SUV,Medium SUV
446,LAND ROVER,2020 Land Rover Defender 110,Medium SUV,Large SUV
447,BMW,BMW X3 (2021-Present),Medium SUV,Medium SUV
448,BMW,BMW X3 (2021-Present),Medium SUV,Medium SUV
449,RENAULT,2024 Renault Arkana,Medium SUV,Compact
450,KIA,KIA Borrego (2009-Present),Medium SUV,Large SUV
451,MASERATI,2016 Maserati Levante,Medium SUV,Medium SUV
452,MERCEDES BENZ,2020 Mercedes-Benz GLE,Medium SUV,Large SUV
453,RENAULT,2019 Renault Koleos,Medium SUV,Crossover
454,MASERATI,2016 Maserati Levante,Medium SUV,Large SUV
455,ALFA ROMEO,2023 Alfa Romeo Stelvio,Medium SUV,Medium SUV
456,ALFA ROMEO,2023 Alfa Romeo Stelvio,Medium SUV,Medium SUV
457,KIA,KIA Borrego (2009-Present),Medium SUV,Premium SUV
458,MERCEDES BENZ,2020 Mercedes-Benz GLC Coupe,Medium SUV,Crossover
459,BMW,BMW X4 (2021-Present),Medium SUV,Medium SUV
460,BMW,BMW X4 (2021-Present),Medium SUV,Medium SUV
461,MERCEDES BENZ,2020 Mercedes-Benz GLC Coupe,Medium SUV,Crossover
462,BMW,BMW X3 (2021-Present),Medium SUV,Medium SUV
463,LAND ROVER,2020 Land Rover Defender 110,Medium SUV,Large SUV
464,MERCEDES BENZ,2020 Mercedes-Benz GLB,Medium SUV,Medium SUV
465,BMW,BMW X4 (2021-Present),Medium SUV,Medium SUV
499,OPEL,OPEL Insignia Hatchback (2013-Present),Medium,Medium
500,TOYOTA,TOYOTA Avensis (2015-Present),Medium,Compact
501,VOLKSWAGEN,2020 Volkswagen Passat Variant,Medium,Medium
502,MERCEDES BENZ,MERCEDES BENZ E-Class T-Modell (S213) (2016-Present),Medium,Medium Premium
503,VOLKSWAGEN,VOLKSWAGEN Passat (2019-Present),Medium,Medium
504,CITROEN,CITROEN DS4 (2010-Present),Medium,Compact
505,JAGUAR,JAGUAR XF (2015-Present),Medium,Large
506,AUDI,AUDI A5 Sportback (2011-Present),Medium,Medium
507,OPEL,OPEL Insignia Hatchback (2013-Present),Medium,Medium
508,AUDI,AUDI A6 (2018-Present),Medium,Lower Premium
509,VOLVO,VOLVO V60 (2018-Present),Medium,Medium
510,AUDI,AUDI A5 Sportback (2019-Present),Medium,Medium
511,ALFA ROMEO,2016 Alfa Romeo Giulia Quadrifoglio,Medium,Coupe
512,SEAT,SEAT Leon X-Perience (2014-Present),Medium,Compact
513,KIA,KIA Optima Sportswagon (2018-Present),Medium,Medium
514,OPEL,OPEL Insignia Sports Tourer (2017-Present),Medium,Medium
515,HYUNDAI,HYUNDAI i30 Coupe (2012-Present),Medium,Compact
516,OPEL,OPEL Insignia Sports Tourer GSi (2017-Present),Medium,Medium
517,AUDI,AUDI A5 Sportback (2019-Present),Medium,Medium
518,VOLVO,VOLVO V60 (2018-Present),Medium,Medium
519,AUDI,AUDI A5 Sportback (2011-Present),Medium,Medium
520,AUDI,AUDI A5 Sportback (2011-Present),Medium,Medium
521,MERCEDES BENZ,MERCEDES BENZ E-Class T-Modell (S213) (2016-Present),Medium,Medium Premium
522,VOLVO,VOLVO V60 (2018-Present),Medium,Medium
523,CITROEN,CITROEN DS4 (2010-Present),Medium,Compact
524,CITROEN,CITROEN DS4 (2010-Present),Medium,Compact
525,OPEL,OPEL Insignia Sports Tourer (2017-Present),Medium,Large
526,VOLKSWAGEN,VOLKSWAGEN Passat Alltrack (2019-Present),Medium,Medium
527,AUDI,AUDI A5 Sportback (2011-Present),Medium,Medium
528,MERCEDES BENZ,MERCEDES BENZ E-Class T-Modell (S213) (2016-Present),Medium,Medium Premium
529,AUDI,AUDI A5 Sportback (2011-Present),Medium,Medium
530,KIA,KIA Optima Sportswagon (2018-Present),Medium,Medium
531,OPEL,OPEL Insignia Hatchback (2013-Present),Medium,Medium
532,AUDI,AUDI A6 (2018-Present),Medium,Lower Premium
533,AUDI,AUDI A5 Sportback (2011-Present),Medium,Medium
534,VOLKSWAGEN,VOLKSWAGEN Passat (2019-Present),Medium,Medium
535,AUDI,AUDI A6 (2018-Present),Medium,Lower Premium
536,VOLVO,VOLVO V60 (2018-Present),Medium,Medium
537,JAGUAR,JAGUAR XF (2015-Present),Medium,Large
538,AUDI,AUDI A5 Sportback (2019-Present),Medium,Medium
539,JAGUAR,JAGUAR XF (2015-Present),Medium,Medium
540,OPEL,OPEL Insignia Hatchback (2013-Present),Medium,Medium
541,HYUNDAI,HYUNDAI i30 Coupe (2012-Present),Medium,Compact
542,AUDI,AUDI RS5 Sportback (2019-Present),Medium,Medium Premium
543,HYUNDAI,HYUNDAI i30 Coupe (2012-Present),Medium,Compact
544,MERCEDES BENZ,2024 Mercedes-Benz E-Class Estate,Medium,Medium
545,VOLVO,VOLVO V60 (2018-Present),Medium,Medium
546,VOLVO,VOLVO V60 Cross Country (2018-Present),Medium,Lower Premium
547,HYUNDAI,HYUNDAI i30 Coupe (2012-Present),Medium,Compact
548,AUDI,AUDI A6 (2018-Present),Medium,Lower Premium
549,VOLVO,VOLVO V60 (2018-Present),Medium,Medium
550,KIA,KIA Optima Sportswagon (2018-Present),Medium,Large
551,KIA,KIA Optima Sportswagon (2018-Present),Medium,Large
552,SEAT,SEAT Leon X-Perience (2014-Present),Medium,Compact
553,JAGUAR,JAGUAR XF (2015-Present),Medium,Luxury
554,OPEL,OPEL Insignia Hatchback (2013-Present),Medium,Medium
555,AUDI,AUDI A5 Sportback (2011-Present),Medium,Medium
556,OPEL,OPEL Insignia Hatchback (2013-Present),Medium,Medium
557,OPEL,OPEL Insignia Hatchback (2013-Present),Medium,Medium
558,AUDI,AUDI A6 (2018-Present),Medium,Medium Premium
559,BMW,2024 BMW M3 CS,Medium,Coupe
560,TOYOTA,TOYOTA Avensis Wagon (2015-Present),Medium,Compact
561,VOLVO,VOLVO V60 Cross Country (2018-Present),Medium,Lower Premium
562,HYUNDAI,HYUNDAI i30 Coupe (2012-Present),Medium,Compact
563,AUDI,AUDI A6 (2018-Present),Medium,Lower Premium
564,OPEL,OPEL Insignia Sports Tourer (2017-Present),Medium,Large
565,TOYOTA,TOYOTA Avensis (2015-Present),Medium,Compact
566,SEAT,SEAT Leon X-Perience (2014-Present),Medium,Compact
567,LEXUS,2014 Lexus IS,Medium,Large
568,AUDI,AUDI A5 Sportback (2019-Present),Medium,Medium Premium
569,JAGUAR,JAGUAR XF (2015-Present),Medium,Large
570,AUDI,AUDI A5 Sportback (2011-Present),Medium,Medium
571,JAGUAR,JAGUAR XF (2015-Present),Medium,Large
572,AUDI,AUDI A5 Sportback (2011-Present),Medium,Medium
573,MERCEDES BENZ,MERCEDES BENZ E-Class T-Modell (S213) (2016-Present),Medium,Medium Premium
574,TOYOTA,TOYOTA Avensis Wagon (2015-Present),Medium,Medium
575,VOLKSWAGEN,VOLKSWAGEN Passat Alltrack (2019-Present),Medium,Medium
576,AUDI,AUDI A5 Sportback (2011-Present),Medium,Medium
577,AUDI,AUDI A5 Sportback (2011-Present),Medium,Medium
578,AUDI,AUDI A5 Sportback (2011-Present),Medium,Medium
579,PEUGEOT,2018 Peugeot SW,Medium,Medium
580,CITROEN,CITROEN DS4 (2010-Present),Medium,Compact
581,OPEL,OPEL Insignia Sports Tourer (2017-Present),Medium,Large
582,AUDI,AUDI A5 Sportback (2019-Present),Medium,Medium
583,CITROEN,CITROEN DS4 (2010-Present),Medium,Compact
584,MERCEDES BENZ,MERCEDES BENZ E-Class T-Modell (S213) (2016-Present),Medium,Medium Premium
585,CITROEN,CITROEN DS4 (2010-Present),Medium,Compact
586,CITROEN,CITROEN DS4 (2010-Present),Medium,Compact
587,TOYOTA,TOYOTA Avensis (2015-Present),Medium,Compact
588,OPEL,OPEL Insignia Sports Tourer (2017-Present),Medium,Large
589,MERCEDES BENZ,2024 Mercedes-Benz E-Class Estate,Medium,Medium
590,TOYOTA,TOYOTA Avensis Wagon (2015-Present),Medium,Compact
641,AUDI,AUDI R8 Coupe (2018-Present),Coupe,Coupe
642,JAGUAR,JAGUAR F-Type Coupe (2020-Present),Coupe,Coupe
643,MERCEDES BENZ,MERCEDES BENZ E-Class Coupe (C238) (2016-Present),Coupe,Medium
644,MERCEDES BENZ,MERCEDES BENZ C-Class Coupe (C205) (2016-Present),Coupe,Medium
645,JAGUAR,JAGUAR F-Type Coupe (2020-Present),Coupe,Coupe
646,RENAULT,RENAULT Laguna Coupe (2008-Present),Coupe,Coupe
647,BMW,BMW M4 CS (F82) (2017-Present),Coupe,Coupe
648,MERCEDES BENZ,MERCEDES BENZ C-Class Coupe (C205) (2016-Present),Coupe,Medium
649,DODGE,DODGE Challenger SRT (2015-Present),Coupe,Luxury
650,RENAULT,RENAULT Laguna Coupe (2008-Present),Coupe,Medium
651,AUDI,AUDI R8 Coupe (2018-Present),Coupe,Coupe
652,BMW,BMW 4 Series Coupe (G22) (2020-Present),Coupe,Medium
653,PORSCHE,PORSCHE 911 Carrera S (992) (2019-Present),Coupe,Coupe
654,BMW,BMW 4 Series Coupe (G22) (2020-Present),Coupe,Medium Premium
655,RENAULT,RENAULT Laguna Coupe (2008-Present),Coupe,Coupe
656,AUDI,AUDI R8 Coupe (2018-Present),Coupe,Coupe
657,BMW,BMW M2 Competition (2018-Present),Coupe,Coupe
658,MERCEDES BENZ,MERCEDES BENZ E-Class Coupe (C238) (2016-Present),Coupe,Medium
659,BMW,BMW 4 Series Coupe (G22) (2020-Present),Coupe,Medium
660,PORSCHE,PORSCHE 911 Targa 4S (992) (2020-Present),Coupe,Coupe
661,DODGE,DODGE Challenger SRT (2015-Present),Coupe,Coupe
662,PORSCHE,PORSCHE 911 Carrera Coupe (992) (2019-Present),Coupe,Coupe
663,FORD,FORD Mustang Shelby GT350 (2015-Present),Coupe,Coupe
664,PORSCHE,PORSCHE 911 GT3 (992) (2021-Present),Coupe,Coupe
665,PORSCHE,PORSCHE 911 GT3 (992) (2021-Present),Coupe,Coupe
666,BMW,BMW 4 Series Coupe (G22) (2020-Present),Coupe,Medium
667,BMW,BMW M2 CS (2019-Present),Coupe,Coupe
668,PORSCHE,PORSCHE 911 Targa 4S (992) (2020-Present),Coupe,Coupe
669,LEXUS,LEXUS RC (2018-Present),Coupe,Coupe Cabrio
670,DODGE,DODGE Challenger SRT (2015-Present),Coupe,Luxury
671,JAGUAR,JAGUAR F-Type Coupe (2020-Present),Coupe,Coupe
672,MERCEDES BENZ,MERCEDES BENZ C-Class Coupe (C205) (2016-Present),Coupe,Medium
673,MERCEDES BENZ,MERCEDES BENZ C-Class Coupe (C205) (2016-Present),Coupe,Medium
674,MERCEDES BENZ,MERCEDES BENZ C-Class Coupe (C205) (2016-Present),Coupe,Medium
675,MERCEDES BENZ,MERCEDES BENZ C-Class Coupe (C205) (2016-Present),Coupe,Medium
676,RENAULT,RENAULT Laguna Coupe (2008-Present),Coupe,Medium
677,ASTON MARTIN,ASTON MARTIN V12 Vantage Roadster (2022-Present),Coupe,Coupe
678,PORSCHE,PORSCHE 911 Targa 4 GTS (2021-Present),Coupe,Coupe
679,JAGUAR,JAGUAR F-Type Coupe (2020-Present),Coupe,Coupe
680,MERCEDES BENZ,MERCEDES BENZ C-Class Coupe (C205) (2016-Present),Coupe,Medium
681,RENAULT,RENAULT Laguna Coupe (2008-Present),Coupe,Medium
682,BMW,BMW M4 Coupe (G82) (2020-Present),Coupe,Medium
683,BMW,BMW M4 Coupe (G82) (2020-Present),Coupe,Medium
684,BMW,BMW 2 Series Coupe (G42) (2021-Present),Coupe,Compact
685,JAGUAR,JAGUAR F-Type Coupe (2020-Present),Coupe,Coupe Cabrio
686,BMW,BMW M2 CS (2019-Present),Coupe,Coupe
687,RENAULT,RENAULT Laguna Coupe (2008-Present),Coupe,Medium
688,RENAULT,RENAULT Laguna Coupe (2008-Present),Coupe,Medium
689,NISSAN,NISSAN 370z Nismo (2014-Present),Coupe,Coupe
690,MERCEDES BENZ,MERCEDES BENZ C-Class Coupe (C205) (2016-Present),Coupe,Medium
691,BMW,BMW 2 Series Coupe (G42) (2021-Present),Coupe,Compact
720,LOTUS,LOTUS Evora (2008-Present),Exotic,Coupe
721,LOTUS,LOTUS Evora (2008-Present),Exotic,Coupe
722,BUGATTI,2020 Bugati Chiron Pur Spot,Exotic,Exotic
723,ARIEL,ARIEL Atom 3 (2008-Present),Exotic,Exotic
724,ARIEL,ARIEL Atom 3 (2008-Present),Exotic,Exotic
725,HONDA,2016 Honda NSX,Exotic,Coupe Cabrio
726,ARIEL,ARIEL Atom 3 (2008-Present),Exotic,Exotic
727,ARIEL,ARIEL Atom 3 (2008-Present),Exotic,Exotic
732,AUDI,AUDI Q7 (2019-Present),Large SUV,Large SUV
733,LAND ROVER,LAND ROVER Defender 130 (2022-Present),Large SUV,Large SUV
734,AUDI,2019 Audi Q8,Large SUV,Medium SUV
735,AUDI,AUDI Q7 (2019-Present),Large SUV,Large SUV
736,VOLKSWAGEN,VOLKSWAGEN Tiguan Allspace (2021-Present),Large SUV,Medium MPV
737,LAND ROVER,LAND ROVER Defender 130 (2022-Present),Large SUV,Large SUV
738,VOLKSWAGEN,VOLKSWAGEN Tiguan Allspace (2021-Present),Large SUV,Medium SUV
739,AUDI,AUDI Q7 (2019-Present),Large SUV,Large SUV
740,PEUGEOT,PEUGEOT 5008 (2020-Present),Large SUV,Medium SUV
741,LAND ROVER,LAND ROVER Defender 130 (2022-Present),Large SUV,Large SUV
742,VOLKSWAGEN,2019 Volkswagen Touareg,Large SUV,Large SUV
743,LAND ROVER,LAND ROVER Range Rover LWB (2021-Present),Large SUV,Large SUV
744,BMW,BMW X7 (2022-Present),Large SUV,Large SUV
745,VOLKSWAGEN,VOLKSWAGEN Tiguan Allspace (2021-Present),Large SUV,Medium SUV
746,LAND ROVER,LAND ROVER Range Rover SWB (2021-Present),Large SUV,Large SUV
747,BMW,2019 BMW X5,Large SUV,Large SUV
748,BMW,2019 BMW X5,Large SUV,Large SUV
749,BMW,2019 BMW X5,Large SUV,Large SUV
750,NISSAN,NISSAN Patrol (2014-Present),Large SUV,Large SUV
751,BMW,2019 BMW X5,Large SUV,Large SUV
752,BMW,2019 BMW X5,Large SUV,Large SUV
753,NISSAN,NISSAN Patrol (2014-Present),Large SUV,Large SUV
754,CITROEN,2018 Citroen C5 Aircross,Large SUV,Crossover
755,VOLKSWAGEN,2019 Volkswagen Touareg,Large SUV,Large SUV
756,AUDI,AUDI SQ7 (2019-Present),Large SUV,Large SUV
757,AUDI,AUDI Q5 Sportback (2020-Present),Large SUV,Medium MPV
758,PEUGEOT,PEUGEOT 5008 (2020-Present),Large SUV,Medium MPV
759,PEUGEOT,PEUGEOT 5008 (2020-Present),Large SUV,Crossover
760,BMW,2024 BMW X5,Large SUV,Premium SUV
761,AUDI,AUDI Q5 Sportback (2020-Present),Large SUV,Medium SUV
762,LAND ROVER,LAND ROVER Defender 130 (2022-Present),Large SUV,Large SUV
763,VOLKSWAGEN,VOLKSWAGEN Tiguan Allspace (2021-Present),Large SUV,Medium MPV
764,LAND ROVER,LAND ROVER Range Rover SWB (2021-Present),Large SUV,Large SUV
765,AUDI,AUDI Q5 Sportback (2020-Present),Large SUV,Medium SUV
766,MERCEDES BENZ,2020 Mercedes-Benz GLS,Large SUV,Large SUV
767,BMW,2024 BMW X5,Large SUV,Large SUV
768,VOLKSWAGEN,VOLKSWAGEN Tiguan Allspace (2021-Present),Large SUV,Medium SUV
769,VOLKSWAGEN,2019 Volkswagen Touareg,Large SUV,Premium SUV
770,CITROEN,2018 Citroen C5 Aircross,Large SUV,Crossover
771,CITROEN,2018 Citroen C5 Aircross,Large SUV,Crossover
772,VOLKSWAGEN,2024 Volkswagen Touareg,Large SUV,Large SUV
773,LAND ROVER,LAND ROVER Range Rover SWB (2021-Present),Large SUV,Large SUV
774,AUDI,AUDI Q5 Sportback (2020-Present),Large SUV,Medium SUV
775,LAND ROVER,LAND ROVER Range Rover LWB (2021-Present),Large SUV,Premium SUV
800,BMW,2021 BMW 5 Series,Luxury,Large
801,LINCOLN,LINCOLN Continental (2016-Present),Luxury,Large
802,BMW,2021 BMW 5 Series,Luxury,Medium Premium
803,MASERATI,MASERATI Quattroporte VI (2016-Present),Luxury,Luxury
804,PORSCHE,PORSCHE Panamera 4S E-Hybrid (971) (2020-Present),Luxury,Luxury
805,MASERATI,MASERATI Quattroporte VI (2016-Present),Luxury,Luxury
806,BMW,BMW 6 Series Gran Turismo (G32 LCI) (2020-Present),Luxury,Luxury
807,MERCEDES BENZ,2014 Mercedes-Benz CLS63 AMG,Luxury,Luxury
808,BMW,2021 BMW 5 Series,Luxury,Luxury
809,BMW,2021 BMW 5 Series,Luxury,Medium Premium
810,PORSCHE,PORSCHE Panamera GTS (971) (2020-Present),Luxury,Coupe
811,BMW,2021 BMW 5 Series,Luxury,Large
812,MERCEDES BENZ,MERCEDES BENZ S-Class Maybach (X223) (2020-Present),Luxury,Luxury
813,BENTLEY,BENTLEY Mulsanne (2016-Present),Luxury,Luxury
814,AUDI,AUDI S8 (2021-Present),Luxury,Luxury
815,PORSCHE,PORSCHE Panamera GTS Sport Turismo (971) (2020-Present),Luxury,Coupe
816,BMW,BMW 6 Series Gran Turismo (G32 LCI) (2020-Present),Luxury,Luxury
817,BENTLEY,BENTLEY Bentayga (2020-Present),Luxury,Medium SUV
818,PORSCHE,PORSCHE Panamera Turbo S Sport Turismo (971) (2020-Present),Luxury,Coupe
819,MERCEDES BENZ,2014 Mercedes-Benz CLS63 AMG,Luxury,Luxury
820,MASERATI,MASERATI Ghibli (2020-Present),Luxury,Large
821,BMW,BMW 6 Series Gran Turismo (G32 LCI) (2020-Present),Luxury,Large
822,BMW,BMW 6 Series Gran Turismo (G32 LCI) (2020-Present),Luxury,Luxury
823,MERCEDES BENZ,2014 Mercedes-Benz CLS63 AMG,Luxury,Luxury
824,BMW,2021 BMW 5 Series,Luxury,Luxury
825,BMW,BMW 6 Series Gran Turismo (G32 LCI) (2020-Present),Luxury,Large
826,BMW,2021 BMW 5 Series,Luxury,Luxury
827,PORSCHE,PORSCHE Panamera 4S E-Hybrid Executive (971) (2020-Present),Luxury,Luxury
828,BMW,2021 BMW 5 Series,Luxury,Large
829,MASERATI,MASERATI Quattroporte VI (2016-Present),Luxury,Luxury
830,JAGUAR,JAGUAR F-Pace (2020-Present),Luxury,Premium SUV
831,BENTLEY,BENTLEY Mulsanne (2016-Present),Luxury,Luxury
832,BMW,2021 BMW 5 Series,Luxury,Medium Premium
833,BMW,BMW 6 Series Gran Turismo (G32 LCI) (2020-Present),Luxury,Luxury
852,SUZUKI,SUZUKI SX4 S-Cross (2016-Present),Crossover,Crossover
853,FORD,FORD Puma (2019-Present),Crossover,Crossover
854,KIA,KIA Stonic (2017-Present),Crossover,Compact
855,FORD,FORD Puma (2019-Present),Crossover,Crossover
856,AUDI,2020 Audi A1 citycarver,Crossover,Crossover
857,TOYOTA,TOYOTA Aygo X (2021-Present),Crossover,Mini
858,AUDI,2020 Audi A1 citycarver,Crossover,Crossover
859,PEUGEOT,2020 Peugeot 2008,Crossover,Crossover
860,AUDI,AUDI Q5 (2020-Present),Crossover,Medium SUV
861,OPEL,OPEL Crossland X (2017-Present),Crossover,Crossover
862,AUDI,AUDI Q3 Sportback (2019-Present),Crossover,Compact
863,AUDI,AUDI Q5 (2020-Present),Crossover,Medium SUV
864,MINI,2021 Mini Countryman,Crossover,Crossover
865,BUICK,2021 Buick Envision,Crossover,Medium SUV
866,MAZDA,MAZDA CX-5 (2012-Present),Crossover,Crossover
867,AUDI,AUDI Q5 (2020-Present),Crossover,Medium SUV
868,AUDI,AUDI Q3 (2018-Present),Crossover,Crossover
869,MITSUBISHI,2023 Mitsubishi ASX,Crossover,Crossover
870,RENAULT,RENAULT Scenic XMOD (2013-Present),Crossover,Medium MPV
871,NISSAN,NISSAN Juke (2019-Present),Crossover,Crossover
872,MAZDA,MAZDA CX-5 (2016-Present),Crossover,Crossover
873,MAZDA,MAZDA CX-5 (2012-Present),Crossover,Crossover
874,FIAT,2013 Fiat 500L Trekking,Crossover,Crossover
875,MINI,2021 Mini Countryman,Crossover,Crossover
876,DS AUTOMOBILES,2018 Citroen DS 3 Crossback,Crossover,Crossover
877,PEUGEOT,PEUGEOT 3008 (2020-Present),Crossover,Crossover
878,NISSAN,NISSAN X-Trail (2022-Present),Crossover,Medium SUV
879,OPEL,OPEL Crossland X (2017-Present),Crossover,Crossover
880,KIA,KIA Stonic (2017-Present),Crossover,Compact
881,LAND ROVER,LAND ROVER Range Rover Evoque Convertible (2016-Present),Crossover,Small SUV
882,FIAT,2013 Fiat 500L Trekking,Crossover,Crossover
883,OPEL,OPEL Crossland X (2017-Present),Crossover,Crossover
884,MINI,2021 Mini Countryman,Crossover,Crossover
885,FORD,FORD Puma (2019-Present),Crossover,Crossover
886,VOLKSWAGEN,VOLKSWAGEN T-Roc (2021-Present),Crossover,Crossover
887,OPEL,OPEL Crossland X (2017-Present),Crossover,Medium MPV
888,CITROEN,CITROEN C5 X (2021-Present),Crossover,Compact
889,KIA,KIA Stonic (2017-Present),Crossover,Compact
890,OPEL,OPEL Crossland X (2017-Present),Crossover,Crossover
891,MAZDA,MAZDA CX-5 (2012-Present),Crossover,Crossover
892,PEUGEOT,2020 Peugeot 2008,Crossover,Crossover
893,SSANGYONG,2016 SsangYong Tivoli XLV,Crossover,Crossover
894,SUZUKI,SUZUKI SX4 S-Cross (2016-Present),Crossover,Crossover
895,MINI,2021 Mini Countryman,Crossover,Crossover
896,FIAT,FIAT 500 X (2018-Present),Crossover,Crossover
897,MINI,2021 Mini Countryman,Crossover,Crossover
898,MAZDA,MAZDA CX-5 (2012-Present),Crossover,Crossover
899,PEUGEOT,PEUGEOT 3008 (2020-Present),Crossover,Crossover
900,NISSAN,2013 Nissan Juke Nismo,Crossover,Small SUV
901,RENAULT,RENAULT Scenic XMOD (2013-Present),Crossover,Medium MPV
902,FIAT,FIAT 500 X (2018-Present),Crossover,Crossover
903,SKODA,2021 Skoda Kodiaq,Crossover,Medium MPV
904,KIA,KIA Stonic (2017-Present),Crossover,Compact
905,DS AUTOMOBILES,2018 Citroen DS 3 Crossback,Crossover,Crossover
906,PEUGEOT,2020 Peugeot 2008,Crossover,Crossover
907,MINI,2021 Mini Countryman,Crossover,Crossover
908,MAZDA,MAZDA CX-5 (2016-Present),Crossover,Crossover
909,MINI,2021 Mini Countryman,Crossover,Crossover
910,FIAT,2013 Fiat 500L Trekking,Crossover,Crossover
911,VOLVO,VOLVO XC60 (2017-Present),Crossover,Medium SUV
912,JAGUAR,2017 Jaguar E-Pace,Crossover,Crossover
913,MAZDA,MAZDA CX-5 (2016-Present),Crossover,Small SUV
914,NISSAN,2013 Nissan Juke Nismo,Crossover,Crossover
915,FIAT,FIAT 500 X (2018-Present),Crossover,Crossover
916,FIAT,2013 Fiat 500L Trekking,Crossover,Crossover
917,FIAT,2013 Fiat 500L Trekking,Crossover,Crossover
918,OPEL,OPEL Crossland X (2017-Present),Crossover,Crossover
919,FORD,2021 Ford Puma ST,Crossover,Crossover
920,SUZUKI,SUZUKI SX4 S-Cross (2016-Present),Crossover,Crossover
921,MINI,2021 Mini Countryman,Crossover,Crossover
922,CHEVROLET,CHEVROLET Equinox (2020-Present),Crossover,Crossover
923,SSANGYONG,2016 SsangYong Tivoli XLV,Crossover,Crossover
924,AUDI,2020 Audi A1 citycarver,Crossover,Crossover
925,JAGUAR,2017 Jaguar E-Pace,Crossover,Crossover
926,FIAT,2014 Fiat Panda Cross,Crossover,Small SUV
927,PEUGEOT,PEUGEOT 3008 (2020-Present),Crossover,Crossover
928,FIAT,2013 Fiat 500L Trekking,Crossover,Crossover
929,MAZDA,MAZDA CX-5 (2012-Present),Crossover,Crossover
930,MINI,2021 Mini Countryman,Crossover,Crossover
931,AUDI,2020 Audi A1 citycarver,Crossover,Crossover
932,FORD,FORD Puma (2019-Present),Crossover,Crossover
933,TOYOTA,TOYOTA Aygo X (2021-Present),Crossover,Mini
934,RENAULT,2020 Renault Arkana,Crossover,Crossover
935,RENAULT,2020 Renault Arkana,Crossover,Crossover
936,DS AUTOMOBILES,2018 Citroen DS 3 Crossback,Crossover,Crossover
937,AUDI,AUDI Q3 (2018-Present),Crossover,Crossover
938,PEUGEOT,PEUGEOT 3008 (2020-Present),Crossover,Crossover
939,KIA,KIA Stonic (2017-Present),Crossover,Compact
940,FIAT,2013 Fiat 500L Trekking,Crossover,Medium MPV
941,SUZUKI,SUZUKI SX4 S-Cross (2016-Present),Crossover,Crossover
942,TOYOTA,2020 Toyota C-HR,Crossover,Compact
943,LAND ROVER,LAND ROVER Range Rover Evoque Convertible (2016-Present),Crossover,Small SUV
944,NISSAN,NISSAN Juke (2019-Present),Crossover,Crossover
945,MITSUBISHI,2023 Mitsubishi ASX,Crossover,Crossover
946,SSANGYONG,2016 SsangYong Tivoli XLV,Crossover,Crossover
947,RENAULT,2020 Renault Arkana,Crossover,Crossover
948,MAZDA,MAZDA CX-5 (2012-Present),Crossover,Crossover
949,SUZUKI,SUZUKI Ignis (2019-Present),Crossover,Mini
950,BMW,BMW X1 (2022-Present),Crossover,Crossover
951,BMW,BMW X1 (2022-Present),Crossover,Crossover
952,MINI,2021 Mini Countryman,Crossover,Crossover
953,MAZDA,MAZDA CX-5 (2012-Present),Crossover,Crossover
954,MAZDA,MAZDA CX-5 (2016-Present),Crossover,Crossover
955,BMW,BMW X1 (2022-Present),Crossover,Crossover
956,MITSUBISHI,2023 Mitsubishi ASX,Crossover,Crossover
957,BUICK,2021 Buick Envision,Crossover,Medium SUV
958,JAGUAR,2017 Jaguar E-Pace,Crossover,Crossover
959,CHEVROLET,CHEVROLET Equinox (2020-Present),Crossover,Medium SUV
960,JAGUAR,2017 Jaguar E-Pace,Crossover,Crossover
961,RENAULT,RENAULT Scenic XMOD (2013-Present),Crossover,Medium MPV
962,JAGUAR,2017 Jaguar E-Pace,Crossover,Medium SUV
963,AUDI,AUDI Q3 (2018-Present),Crossover,Crossover
964,MAZDA,MAZDA CX-5 (2012-Present),Crossover,Crossover
965,PEUGEOT,2020 Peugeot 2008,Crossover,Crossover
966,PEUGEOT,2020 Peugeot 2008,Crossover,Crossover
967,FIAT,FIAT 500 X (2018-Present),Crossover,Crossover
968,AUDI,AUDI Q3 (2018-Present),Crossover,Crossover
969,VOLKSWAGEN,VOLKSWAGEN T-Roc (2021-Present),Crossover,Crossover
1034,MAZDA,2015 Mazda MX-5/Miata (ND),Roadster & Convertible,Roadster & Convertible
1035,BMW,BMW 2 Series Convertible (F23) LCI (2017-Present),Roadster & Convertible,Compact
1036,FIAT,FIAT 124 Spider (2016-Present),Roadster & Convertible,Roadster & Convertible
1037,PORSCHE,2019 Porsche 718 Spyder,Roadster & Convertible,Coupe
1038,BMW,BMW 2 Series Convertible (F23) LCI (2017-Present),Roadster & Convertible,Roadster & Convertible
1039,BMW,BMW 2 Series Convertible (F23) LCI (2017-Present),Roadster & Convertible,Compact
1040,BMW,BMW 2 Series Convertible (F23) LCI (2017-Present),Roadster & Convertible,Compact
1041,PORSCHE,PORSCHE 718 Boxster S (982) (2016-Present),Roadster & Convertible,Coupe
1042,MAZDA,2015 Mazda MX-5/Miata (ND),Roadster & Convertible,Roadster & Convertible
1043,BMW,BMW 2 Series Convertible (F23) LCI (2017-Present),Roadster & Convertible,Compact
1044,BMW,BMW 2 Series Convertible (F23) LCI (2017-Present),Roadster & Convertible,Compact
1045,BMW,BMW 2 Series Convertible (F23) LCI (2017-Present),Roadster & Convertible,Roadster & Convertible
1046,MAZDA,2015 Mazda MX-5/Miata (ND),Roadster & Convertible,Roadster & Convertible
1047,PORSCHE,PORSCHE 911 Carrera Cabrio (992) (2019-Present),Roadster & Convertible,Coupe
1048,FIAT,FIAT 124 Spider (2016-Present),Roadster & Convertible,Roadster & Convertible
1049,AUDI,AUDI S5 Cabriolet (2020-Present),Roadster & Convertible,Coupe Cabrio
1050,BMW,BMW M8 Convertible (2022-Present),Roadster & Convertible,Roadster & Convertible
1051,BMW,BMW 2 Series Convertible (F23) LCI (2017-Present),Roadster & Convertible,Compact
1062,BMW,BMW 3 Series Sedan (2022-Present),Medium Premium,Medium Premium
1063,BMW,BMW 3 Series Gran Turismo LCI (F34) (2016-Present),Medium Premium,Medium
1064,BMW,BMW 3-Series Touring (2022-Present),Medium Premium,Medium Premium
1065,AUDI,AUDI A6 Avant (C8) (2018-Present),Medium Premium,Lower Premium
1066,BMW,BMW 3 Series Sedan (2022-Present),Medium Premium,Medium Premium
1067,LEXUS,2022 Lexus ES,Medium Premium,Large
1068,AUDI,2023 Audi RS7 Sportback,Medium Premium,Luxury
1069,BMW,BMW 3 Series Sedan (2022-Present),Medium Premium,Medium
1070,BMW,BMW 3 Series Gran Turismo LCI (F34) (2016-Present),Medium Premium,Large
1071,LEXUS,2022 Lexus ES,Medium Premium,Large
1072,BMW,BMW 3 Series Gran Turismo LCI (F34) (2016-Present),Medium Premium,Large
1073,BMW,BMW 3-Series Touring (2022-Present),Medium Premium,Medium
1074,AUDI,AUDI A6 Avant (C8) (2018-Present),Medium Premium,Lower Premium
1075,BMW,BMW 3-Series Touring (2022-Present),Medium Premium,Medium Premium
1076,BMW,BMW 3 Series Sedan (2022-Present),Medium Premium,Medium Premium
1077,BMW,BMW 3 Series Gran Turismo LCI (F34) (2016-Present),Medium Premium,Medium Premium
1078,BMW,BMW 3 Series Sedan (2022-Present),Medium Premium,Medium
1079,BMW,BMW 3-Series Touring (2022-Present),Medium Premium,Medium Premium
1080,BMW,BMW 3 Series Sedan (2022-Present),Medium Premium,Medium Premium
1081,BMW,BMW 3 Series Gran Turismo LCI (F34) (2016-Present),Medium Premium,Medium Premium
1082,BMW,BMW 3 Series Gran Turismo LCI (F34) (2016-Present),Medium Premium,Medium Premium
1083,BMW,BMW 3-Series Touring (2022-Present),Medium Premium,Medium
1084,BMW,BMW 3 Series Sedan (2022-Present),Medium Premium,Medium Premium
1085,BMW,BMW 3-Series Touring (2022-Present),Medium Premium,Medium
1086,BMW,BMW 3-Series Touring (2022-Present),Medium Premium,Medium Premium
1087,BMW,BMW 3 Series Gran Turismo LCI (F34) (2016-Present),Medium Premium,Medium Premium
1088,BMW,BMW 3-Series Touring (2022-Present),Medium Premium,Medium
1089,AUDI,AUDI A6 Avant (C8) (2018-Present),Medium Premium,Lower Premium
1090,BMW,BMW 3 Series Sedan (2022-Present),Medium Premium,Medium Premium
1091,BMW,BMW 3 Series Sedan (2022-Present),Medium Premium,Medium Premium
1092,AUDI,AUDI A6 Avant (C8) (2018-Present),Medium Premium,Lower Premium
1093,BMW,BMW 3 Series Gran Turismo LCI (F34) (2016-Present),Medium Premium,Medium Premium
1094,BMW,BMW 3 Series Gran Turismo LCI (F34) (2016-Present),Medium Premium,Medium
1095,BMW,BMW 3 Series Gran Turismo LCI (F34) (2016-Present),Medium Premium,Medium Premium
1096,BMW,BMW 3 Series Gran Turismo LCI (F34) (2016-Present),Medium Premium,Medium
1097,BMW,BMW 3-Series Touring (2022-Present),Medium Premium,Medium Premium
1098,BMW,BMW 3 Series Sedan (2022-Present),Medium Premium,Medium Premium
1099,BMW,BMW 3 Series Sedan (2022-Present),Medium Premium,Medium Premium
1100,BMW,BMW 3 Series Gran Turismo LCI (F34) (2016-Present),Medium Premium,Medium Premium
1101,AUDI,AUDI A6 Avant (C8) (2018-Present),Medium Premium,Lower Premium
1123,AUDI,2020 Audi A4 Avant,Lower Premium,Lower Premium
1124,BMW,BMW 4 Series Gran Coupe (G26) (2021-Present),Lower Premium,Medium
1125,BMW,BMW M3 Sedan (G80) (2020-Present),Lower Premium,Medium Premium
1126,AUDI,2020 Audi A4 8W,Lower Premium,Lower Premium
1127,AUDI,2020 Audi A4 8W,Lower Premium,Lower Premium
1128,AUDI,2020 Audi A4 8W,Lower Premium,Lower Premium
1129,AUDI,2020 Audi A4 Avant,Lower Premium,Lower Premium
1130,AUDI,2020 Audi A4 Avant,Lower Premium,Lower Premium
1131,AUDI,2020 Audi A4 Avant,Lower Premium,Lower Premium
1132,AUDI,2020 Audi A4 Avant,Lower Premium,Lower Premium
1133,VOLVO,VOLVO S60 (2018-Present),Lower Premium,Medium
1134,VOLVO,VOLVO S60 (2018-Present),Lower Premium,Medium
1135,AUDI,2020 Audi A4 8W,Lower Premium,Lower Premium
1136,BMW,BMW 4 Series Gran Coupe (G26) (2021-Present),Lower Premium,Medium
1137,AUDI,2020 Audi A4 8W,Lower Premium,Lower Premium
1138,BMW,BMW 4 Series Gran Coupe (G26) (2021-Present),Lower Premium,Medium
1139,AUDI,2020 Audi A4 8W,Lower Premium,Lower Premium
1140,AUDI,2020 Audi A4 Avant,Lower Premium,Lower Premium
1141,JAGUAR,JAGUAR XE (2019-Present),Lower Premium,Lower Premium
1142,AUDI,2020 Audi A4 Avant,Lower Premium,Lower Premium
1143,AUDI,2020 Audi A4 8W,Lower Premium,Lower Premium
1144,AUDI,2020 Audi A4 8W,Lower Premium,Lower Premium
1145,BMW,BMW 4 Series Gran Coupe (G26) (2021-Present),Lower Premium,Medium Premium
1158,MERCEDES BENZ,2019 Mercedes-Benz CLA Coupe,Entry Premium,Entry Premium
1159,MERCEDES BENZ,2019 Mercedes-Benz CLA Coupe,Entry Premium,Entry Premium
1160,MERCEDES BENZ,2019 Mercedes-Benz CLA Coupe,Entry Premium,Entry Premium
1161,BMW,BMW 2 Series Gran Coupe (F44) (2019-Present),Entry Premium,Compact
1162,MERCEDES BENZ,2019 Mercedes-Benz CLA Coupe,Entry Premium,Entry Premium
1163,BMW,BMW 2 Series Gran Coupe (F44) (2019-Present),Entry Premium,Compact
1164,MERCEDES BENZ,2019 Mercedes-Benz CLA Coupe,Entry Premium,Entry Premium
1165,MERCEDES BENZ,2019 Mercedes-Benz CLA Coupe,Entry Premium,Entry Premium
1166,BMW,BMW 2 Series Gran Coupe (F44) (2019-Present),Entry Premium,Compact
1167,AUDI,AUDI A1 Sportback (2018-Present),Entry Premium,Crossover
1168,MERCEDES BENZ,2019 Mercedes-Benz CLA Coupe,Entry Premium,Entry Premium
1169,BMW,BMW 2 Series Gran Coupe (F44) (2019-Present),Entry Premium,Compact
1170,AUDI,AUDI A1 Sportback (2018-Present),Entry Premium,Crossover
1178,CITROEN,CITROEN C5 Tourer (2010-Present),Large,Large
1179,VAUXHALL,2022 Vauxhall Astra Sports Tourer,Large,Coupe Cabrio
1180,LEXUS,LEXUS LS (2020-Present),Large,Large
1181,AUDI,AUDI A7 Sportback (2017-Present),Large,Medium Premium
1182,AUDI,AUDI A7 Sportback (2017-Present),Large,Lower Premium
1183,CITROEN,CITROEN C5 Tourer (2010-Present),Large,Medium
1184,VOLVO,VOLVO S90 (2019-Present),Large,Medium
1185,AUDI,AUDI A8 L (2017-Present),Large,Large
1186,CITROEN,CITROEN C5 Crosstourer (2014-Present),Large,Medium
1187,MAZDA,MAZDA 6 / Atenza Sedan (2018-Present),Large,Large
1188,AUDI,AUDI A7 Sportback (2017-Present),Large,Medium Premium
1189,BMW,BMW 5 Series Touring (G31 LCI) (2020-Present),Large,Large
1190,VOLVO,VOLVO V90 (2019-Present),Large,Luxury
1191,BMW,BMW 5 Series Touring (G31 LCI) (2020-Present),Large,Luxury
1192,VOLVO,VOLVO S90 (2019-Present),Large,Large
1193,VOLVO,VOLVO S90 (2019-Present),Large,Large
1194,CITROEN,CITROEN C5 Crosstourer (2014-Present),Large,Large
1195,BMW,BMW 5 Series Touring (G31 LCI) (2020-Present),Large,Medium
1196,AUDI,AUDI A8 L (2017-Present),Large,Luxury
1197,MAZDA,MAZDA 6 / Atenza Wagon (2015-Present),Large,Medium
1198,MAZDA,MAZDA 6 / Atenza Wagon (2015-Present),Large,Medium
1199,RENAULT,RENAULT Latitude (2010-Present),Large,Large
1200,HYUNDAI,HYUNDAI i40 Wagon (2018-Present),Large,Medium
1201,RENAULT,RENAULT Latitude (2010-Present),Large,Medium
1202,LEXUS,LEXUS LS (2020-Present),Large,Large
1203,MAZDA,MAZDA 6 / Atenza Wagon (2015-Present),Large,Medium
1204,RENAULT,RENAULT Latitude (2010-Present),Large,Medium
1205,RENAULT,RENAULT Latitude (2010-Present),Large,Large
1206,AUDI,AUDI A8 L (2017-Present),Large,Luxury
1207,CITROEN,CITROEN C5 Crosstourer (2014-Present),Large,Medium
1208,AUDI,AUDI A8 (2017-Present),Large,Large
1209,VOLVO,VOLVO V90 (2019-Present),Large,Medium
1210,VOLVO,VOLVO V90 (2019-Present),Large,Medium
1211,MAZDA,MAZDA 6 / Atenza Wagon (2015-Present),Large,Medium
1212,VOLVO,VOLVO S90 (2019-Present),Large,Medium Premium
1213,CITROEN,CITROEN C5 Tourer (2010-Present),Large,Large
1214,CITROEN,CITROEN C5 Tourer (2010-Present),Large,Medium
1215,VOLVO,VOLVO V90 (2019-Present),Large,Large
1216,VOLVO,VOLVO V90 (2019-Present),Large,Large
1217,MAZDA,MAZDA 6 / Atenza Sedan (2018-Present),Large,Large
1218,VOLVO,VOLVO V90 (2019-Present),Large,Medium
1219,BMW,BMW 5 Series Touring (G31 LCI) (2020-Present),Large,Luxury
1220,CITROEN,CITROEN C5 Tourer (2010-Present),Large,Medium
1221,CITROEN,CITROEN C5 Tourer (2010-Present),Large,Large
1222,HYUNDAI,HYUNDAI i40 Wagon (2018-Present),Large,Medium
1223,VOLVO,VOLVO V90 (2019-Present),Large,Medium
1224,RENAULT,RENAULT Latitude (2010-Present),Large,Large
1225,VOLVO,VOLVO V90 (2019-Present),Large,Large
1226,AUDI,AUDI A8 (2017-Present),Large,Luxury
1227,MAZDA,MAZDA 6 / Atenza Sedan (2018-Present),Large,Large
1228,BMW,BMW 5 Series Touring (G31 LCI) (2020-Present),Large,Large
1229,SKODA,SKODA Superb Scout (2019-Present),Large,Medium
1230,VOLVO,VOLVO V90 (2019-Present),Large,Large
1231,AUDI,AUDI A7 Sportback (2017-Present),Large,Lower Premium
1232,AUDI,AUDI A7 Sportback (2017-Present),Large,Lower Premium
1233,CITROEN,CITROEN C5 Tourer (2010-Present),Large,Medium
1234,VOLVO,VOLVO V90 Cross Country (2019-Present),Large,Medium
1235,CITROEN,CITROEN C5 Crosstourer (2014-Present),Large,Medium
1236,BMW,BMW 5 Series Touring (G31 LCI) (2020-Present),Large,Large
1237,CITROEN,CITROEN C5 Tourer (2010-Present),Large,Large
1238,MAZDA,MAZDA 6 / Atenza Sedan (2018-Present),Large,Large
1239,VOLVO,VOLVO S90 (2019-Present),Large,Large
1273,AUDI,AUDI A5 (2016-Present),Premium Coupe,Premium Coupe
1274,AUDI,AUDI A5 (2016-Present),Premium Coupe,Medium
1275,AUDI,AUDI A5 (2016-Present),Premium Coupe,Medium
1276,AUDI,AUDI A5 (2016-Present),Premium Coupe,Medium
1277,AUDI,AUDI A5 (2016-Present),Premium Coupe,Medium
1278,AUDI,AUDI A5 (2016-Present),Premium Coupe,Medium
1279,AUDI,AUDI A5 (2016-Present),Premium Coupe,Medium
1280,AUDI,AUDI A5 (2016-Present),Premium Coupe,Premium Coupe
1285,AUDI,AUDI A5 Cabriolet (2012-Present),Coupe Cabrio,Coupe Cabrio
1286,OPEL,2013 Opel Cascada Coupe Cabrio,Coupe Cabrio,Coupe Cabrio
1287,OPEL,2013 Opel Cascada Coupe Cabrio,Coupe Cabrio,Coupe Cabrio
1288,AUDI,AUDI A5 Cabriolet (2012-Present),Coupe Cabrio,Coupe Cabrio
1289,MAZDA,MAZDA MX-5 / Miata Roadster Coupe (2012-Present),Coupe Cabrio,Roadster & Convertible
1290,JAGUAR,JAGUAR F-Type Convertible (2020-Present),Coupe Cabrio,Coupe
1291,MAZDA,MAZDA MX-5 / Miata RF (2016-Present),Coupe Cabrio,Roadster & Convertible
1292,JAGUAR,JAGUAR F-Type Convertible (2020-Present),Coupe Cabrio,Coupe Cabrio
1293,MERCEDES BENZ,MERCEDES BENZ SLC-Class (R172) (2016-Present),Coupe Cabrio,Coupe Cabrio
1294,MAZDA,MAZDA MX-5 / Miata RF (2016-Present),Coupe Cabrio,Roadster & Convertible
1295,OPEL,2013 Opel Cascada Coupe Cabrio,Coupe Cabrio,Coupe Cabrio
1296,MERCEDES BENZ,MERCEDES BENZ SLC-Class (R172) (2016-Present),Coupe Cabrio,Coupe Cabrio
1297,AUDI,AUDI A5 Cabriolet (2012-Present),Coupe Cabrio,Coupe Cabrio
1298,AUDI,AUDI A5 Cabriolet (2012-Present),Coupe Cabrio,Coupe Cabrio
1299,AUDI,AUDI A5 Cabriolet (2012-Present),Coupe Cabrio,Coupe Cabrio
1300,MERCEDES BENZ,MERCEDES BENZ SLC-Class (R172) (2016-Present),Coupe Cabrio,Coupe Cabrio
1301,AUDI,AUDI A5 Cabriolet (2012-Present),Coupe Cabrio,Coupe Cabrio
1302,OPEL,2013 Opel Cascada Coupe Cabrio,Coupe Cabrio,Coupe Cabrio
1303,MERCEDES BENZ,MERCEDES BENZ SLC-Class (R172) (2016-Present),Coupe Cabrio,Coupe Cabrio
1304,AUDI,AUDI A5 Cabriolet (2012-Present),Coupe Cabrio,Coupe Cabrio
1305,MAZDA,MAZDA MX-5 / Miata Roadster Coupe (2012-Present),Coupe Cabrio,Roadster & Convertible
1306,MERCEDES BENZ,MERCEDES BENZ SLC-Class (R172) (2016-Present),Coupe Cabrio,Coupe Cabrio
1307,AUDI,AUDI A5 Cabriolet (2012-Present),Coupe Cabrio,Coupe Cabrio
1308,AUDI,AUDI A5 Cabriolet (2012-Present),Coupe Cabrio,Coupe Cabrio
1309,BMW,BMW 4-Series Convertible (G23) (2020-Present),Coupe Cabrio,Medium
1310,JAGUAR,JAGUAR F-Type Convertible (2020-Present),Coupe Cabrio,Coupe
1311,OPEL,2013 Opel Cascada Coupe Cabrio,Coupe Cabrio,Coupe Cabrio
1312,AUDI,AUDI A5 Cabriolet (2012-Present),Coupe Cabrio,Coupe Cabrio
1313,AUDI,AUDI A5 Cabriolet (2012-Present),Coupe Cabrio,Coupe Cabrio
1314,MERCEDES BENZ,MERCEDES BENZ C-Class (A205) (2018-Present),Coupe Cabrio,Coupe
1315,MERCEDES BENZ,MERCEDES BENZ SLC-Class (R172) (2016-Present),Coupe Cabrio,Coupe Cabrio
1316,MAZDA,MAZDA MX-5 / Miata Roadster Coupe (2012-Present),Coupe Cabrio,Roadster & Convertible
1317,MERCEDES BENZ,MERCEDES BENZ C-Class (A205) (2018-Present),Coupe Cabrio,Medium Premium
1318,AUDI,AUDI A5 Cabriolet (2012-Present),Coupe Cabrio,Coupe Cabrio
1319,AUDI,AUDI A5 Cabriolet (2012-Present),Coupe Cabrio,Coupe Cabrio
1320,JAGUAR,JAGUAR F-Type Convertible (2020-Present),Coupe Cabrio,Coupe
1340,MERCEDES BENZ,MERCEDES BENZ GLK-Klasse (X204) (2008-Present),Premium SUV,Medium SUV
1341,LAND ROVER,LAND ROVER Discovery - LR4 (2013-Present),Premium SUV,Premium SUV
1342,MERCEDES BENZ,MERCEDES BENZ GLK-Klasse (X204) (2008-Present),Premium SUV,Medium SUV
1343,BMW,2024 BMW X6 M Competition,Premium SUV,Premium SUV
1344,BMW,2020 BMW X6,Premium SUV,Large SUV
1345,BMW,2020 BMW X5 M,Premium SUV,Premium SUV
1346,Mercedes-AMG,2017 Mercedes-AMG GLS 63,Premium SUV,Premium SUV
1347,MERCEDES BENZ,MERCEDES BENZ GLK-Klasse (X204) (2008-Present),Premium SUV,Medium SUV
1348,BMW,2024 BMW X5 M Competition,Premium SUV,Premium SUV
1349,MERCEDES BENZ,MERCEDES BENZ GLK-Klasse (X204) (2008-Present),Premium SUV,Crossover
1350,BMW,2020 BMW X6 M,Premium SUV,Premium SUV
1351,MERCEDES BENZ,MERCEDES BENZ GLK-Klasse (X204) (2008-Present),Premium SUV,Small SUV
1352,MERCEDES BENZ,MERCEDES BENZ GLK-Klasse (X204) (2008-Present),Premium SUV,Medium SUV
1353,LAND ROVER,LAND ROVER Discovery - LR4 (2013-Present),Premium SUV,Premium SUV
1354,BMW,2020 BMW X6,Premium SUV,Large SUV
1355,BMW,2020 BMW X5 M,Premium SUV,Premium SUV
1356,MERCEDES BENZ,MERCEDES BENZ GLK-Klasse (X204) (2008-Present),Premium SUV,Medium SUV
1357,MERCEDES BENZ,MERCEDES BENZ GLK-Klasse (X204) (2008-Present),Premium SUV,Crossover
1358,BMW,2024 BMW X6,Premium SUV,Premium SUV
1359,MERCEDES BENZ,MERCEDES BENZ GLK-Klasse (X204) (2008-Present),Premium SUV,Crossover
1360,BMW,2024 BMW X6,Premium SUV,Large SUV
1373,MERCEDES BENZ,MERCEDES BENZ T-Class (2022-Present),Upper Premium,Small SUV
1374,BMW,2020 BMW 8 Series Gran Coupe,Upper Premium,Luxury
1375,BMW,2020 BMW 8 Series Gran Coupe,Upper Premium,Large
1376,BMW,2020 BMW 8 Series Gran Coupe,Upper Premium,Large
1377,BMW,BMW 7 Series (2022-Present),Upper Premium,Luxury
1378,BMW,BMW 7 Series (2022-Present),Upper Premium,Luxury
1379,MERCEDES BENZ,MERCEDES BENZ T-Class (2022-Present),Upper Premium,Medium MPV
1380,MERCEDES BENZ,MERCEDES BENZ T-Class (2022-Present),Upper Premium,Small SUV
1386,TOYOTA,TOYOTA Verso-S (2010-Present),Small MPV,Mini
1387,BMW,BMW 2 Series Active Tourer (2021-Present),Small MPV,Crossover
1388,NISSAN,NISSAN Cube (2008-Present),Small MPV,Small SUV
1389,NISSAN,NISSAN Cube (2008-Present),Small MPV,Small SUV
1390,TOYOTA,TOYOTA Verso-S (2010-Present),Small MPV,Mini
1391,VOLKSWAGEN,VOLKSWAGEN Touran (2015-Present),Small MPV,Large MPV
1392,VOLKSWAGEN,VOLKSWAGEN Touran (2015-Present),Small MPV,Large MPV
1393,FIAT,FIAT 500L (2017-Present),Small MPV,Medium MPV
1394,FIAT,FIAT 500L (2017-Present),Small MPV,Crossover
1395,VOLKSWAGEN,VOLKSWAGEN Touran (2015-Present),Small MPV,Medium MPV
1396,TOYOTA,TOYOTA Verso-S (2010-Present),Small MPV,Crossover
1397,VOLKSWAGEN,VOLKSWAGEN Touran (2015-Present),Small MPV,Medium MPV
1398,TOYOTA,TOYOTA Verso-S (2010-Present),Small MPV,Mini
1399,BMW,BMW 2 Series Active Tourer (2021-Present),Small MPV,Crossover
1400,BMW,BMW 2 Series Active Tourer (2021-Present),Small MPV,Crossover
1401,CITROEN,CITROEN Berlingo (2018-Present),Small MPV,Large MPV
1402,VOLKSWAGEN,VOLKSWAGEN Touran (2015-Present),Small MPV,Medium MPV
1403,CITROEN,CITROEN Berlingo (2018-Present),Small MPV,Large MPV
1404,FIAT,FIAT 500L (2017-Present),Small MPV,Medium MPV
1405,FIAT,FIAT 500L (2017-Present),Small MPV,Crossover
1416,SKODA,2020 Skoda Kamiq,Small SUV,Compact
1417,SUZUKI,SUZUKI Vitara (2018-Present),Small SUV,Crossover
1418,MERCEDES BENZ,2021 Mercedes-Benz GLA,Small SUV,Crossover
1419,MAZDA,MAZDA CX-30 (2019-Present),Small SUV,Compact
1420,SUZUKI,SUZUKI Grand Vitara 3 Doors (2008-Present),Small SUV,Small SUV
1421,FORD,FORD EcoSport (2017-Present),Small SUV,Crossover
1422,CHEVROLET,CHEVROLET Captiva (2011-Present),Small SUV,Small SUV
1423,CHEVROLET,CHEVROLET Captiva (2011-Present),Small SUV,Small SUV
1424,MERCEDES BENZ,2021 Mercedes-Benz GLA,Small SUV,Crossover
1425,FORD,FORD Kuga (2019-Present),Small SUV,Crossover
1426,SUZUKI,SUZUKI Vitara (2018-Present),Small SUV,Crossover
1427,SEAT,SEAT Arona (2021-Present),Small SUV,Crossover
1428,SUZUKI,SUZUKI Vitara (2018-Present),Small SUV,Crossover
1429,FORD,FORD Kuga (2019-Present),Small SUV,Crossover
1430,MERCEDES BENZ,2021 Mercedes-Benz GLA,Small SUV,Crossover
1431,FORD,FORD Kuga (2019-Present),Small SUV,Crossover
1432,FORD,FORD EcoSport (2017-Present),Small SUV,Crossover
1433,SEAT,SEAT Arona (2021-Present),Small SUV,Crossover
1434,VOLKSWAGEN,2019 Volkswagen T-Cross,Small SUV,Crossover
1435,SKODA,2020 Skoda Kamiq,Small SUV,Compact
1436,FORD,FORD EcoSport (2017-Present),Small SUV,Crossover
1437,TOYOTA,TOYOTA Corolla Cross (2022-Present),Small SUV,Crossover
1438,SEAT,SEAT Ateca (2020-Present),Small SUV,Crossover
1439,SEAT,SEAT Arona (2021-Present),Small SUV,Crossover
1440,SUZUKI,SUZUKI Vitara (2018-Present),Small SUV,Crossover
1441,FORD,FORD EcoSport (2017-Present),Small SUV,Crossover
1442,TOYOTA,TOYOTA Corolla Cross (2022-Present),Small SUV,Crossover
1443,SUZUKI,SUZUKI Vitara (2018-Present),Small SUV,Crossover
1444,SKODA,2020 Skoda Kamiq,Small SUV,Compact
1445,CHEVROLET,CHEVROLET Captiva (2011-Present),Small SUV,Small SUV
1446,CHEVROLET,CHEVROLET Captiva (2011-Present),Small SUV,Small SUV
1447,FORD,FORD EcoSport (2017-Present),Small SUV,Crossover
1448,MERCEDES BENZ,2021 Mercedes-Benz GLA,Small SUV,Crossover
1449,CHEVROLET,CHEVROLET Captiva (2011-Present),Small SUV,Small SUV
1450,VOLKSWAGEN,2019 Volkswagen T-Cross,Small SUV,Crossover
1451,MAZDA,MAZDA CX-30 (2019-Present),Small SUV,Compact
1452,MAZDA,MAZDA CX-30 (2019-Present),Small SUV,Compact
1453,SUZUKI,SUZUKI Vitara (2018-Present),Small SUV,Crossover
1454,CHEVROLET,CHEVROLET Captiva (2011-Present),Small SUV,Small SUV
1455,SUZUKI,SUZUKI Grand Vitara 3 Doors (2008-Present),Small SUV,Small SUV
1456,FORD,FORD Kuga (2019-Present),Small SUV,Crossover
1457,CHEVROLET,CHEVROLET Captiva (2011-Present),Small SUV,Small SUV
1458,CHEVROLET,CHEVROLET Captiva (2011-Present),Small SUV,Small SUV
1459,FORD,FORD Kuga (2019-Present),Small SUV,Crossover
1484,CITROEN,CITROEN Grand C4 Picasso (2016-Present),Large MPV,Medium MPV
1485,MERCEDES BENZ,MERCEDES BENZ V-Class (2019-Present),Large MPV,Large MPV
1486,CITROEN,CITROEN Grand C4 Picasso (2016-Present),Large MPV,Medium MPV
1487,VOLKSWAGEN,2022 Volkswagen Multivan,Large MPV,Large MPV
1488,DACIA,2023 Dacia Jogger,Large MPV,Large MPV
1489,DACIA,2023 Dacia Jogger,Large MPV,Medium MPV
1490,VOLKSWAGEN,VOLKSWAGEN Sharan (2010-Present),Large MPV,Large MPV
1491,CITROEN,CITROEN Grand C4 Picasso (2016-Present),Large MPV,Medium MPV
1492,CITROEN,CITROEN Grand C4 Picasso (2016-Present),Large MPV,Medium MPV
1493,CITROEN,CITROEN Grand C4 Picasso (2016-Present),Large MPV,Medium MPV
1494,VOLKSWAGEN,2022 Volkswagen Multivan,Large MPV,Large MPV
1495,MERCEDES BENZ,MERCEDES BENZ V-Class (2019-Present),Large MPV,Large MPV
1496,VOLKSWAGEN,2022 Volkswagen Multivan,Large MPV,Large MPV
1497,CITROEN,CITROEN Grand C4 Picasso (2016-Present),Large MPV,Medium MPV
1498,VOLKSWAGEN,2022 Volkswagen Multivan,Large MPV,Large MPV
1499,CITROEN,CITROEN Grand C4 Picasso (2016-Present),Large MPV,Medium MPV
1500,CHEVROLET,CHEVROLET Express (2008-Present),Large MPV,Large SUV
1501,DACIA,2023 Dacia Jogger,Large MPV,Medium MPV
1511,RENAULT,2013 Renault Grand Scenic,Medium MPV,Medium MPV
1512,SEAT,SEAT Altea (2009-Present),Medium MPV,Compact
1513,SEAT,SEAT Altea (2009-Present),Medium MPV,Compact
1514,VOLKSWAGEN,VOLKSWAGEN CrossTouran (2011-Present),Medium MPV,Medium MPV
1515,CITROEN,2016 Citroen C4 Picasso,Medium MPV,Medium MPV
1516,SEAT,SEAT Altea (2009-Present),Medium MPV,Compact
1517,SEAT,SEAT Altea (2009-Present),Medium MPV,Compact
1518,OPEL,OPEL Insignia Country Tourer (2013-Present),Medium MPV,Medium
1519,SEAT,SEAT Altea (2009-Present),Medium MPV,Crossover
1520,SEAT,SEAT Altea (2009-Present),Medium MPV,Compact
1521,VOLKSWAGEN,VOLKSWAGEN CrossGolf (2010-Present),Medium MPV,Crossover
1522,FIAT,FIAT Doblo (2015-Present),Medium MPV,Large MPV
1523,CITROEN,2016 Citroen C4 Picasso,Medium MPV,Medium MPV
1524,VOLKSWAGEN,VOLKSWAGEN CrossGolf (2010-Present),Medium MPV,Medium MPV
1525,SEAT,SEAT Altea (2009-Present),Medium MPV,Crossover
1526,CITROEN,2016 Citroen C4 Picasso,Medium MPV,Medium MPV
1527,DACIA,DACIA Lodgy (2012-Present),Medium MPV,Large MPV
1528,VOLKSWAGEN,VOLKSWAGEN CrossTouran (2011-Present),Medium MPV,Medium MPV
1529,CITROEN,2016 Citroen C4 Picasso,Medium MPV,Medium MPV
1530,SEAT,SEAT Altea (2009-Present),Medium MPV,Compact
1531,SEAT,SEAT Alhambra (2010-Present),Medium MPV,Medium MPV
1532,DACIA,DACIA Lodgy (2012-Present),Medium MPV,Large MPV
1533,SEAT,SEAT Alhambra (2010-Present),Medium MPV,Medium SUV
1534,RENAULT,RENAULT Grand Scenic (2016-Present),Medium MPV,Medium MPV
1535,MAZDA,MAZDA 5 / Premacy (2010-Present),Medium MPV,Crossover
1536,VOLKSWAGEN,VOLKSWAGEN CrossTouran (2011-Present),Medium MPV,Medium MPV
1537,SEAT,SEAT Alhambra (2010-Present),Medium MPV,Medium MPV
1538,CITROEN,2016 Citroen C4 Picasso,Medium MPV,Medium MPV
1539,RENAULT,RENAULT Scenic (2016-Present),Medium MPV,Medium MPV
1540,VOLKSWAGEN,VOLKSWAGEN CrossTouran (2011-Present),Medium MPV,Medium MPV
1541,FIAT,FIAT Doblo (2015-Present),Medium MPV,Large MPV
1542,SEAT,SEAT Altea (2009-Present),Medium MPV,Crossover
1543,DACIA,DACIA Lodgy (2012-Present),Medium MPV,Large MPV
1544,FIAT,FIAT 500L Living (2013-Present),Medium MPV,Medium MPV
1545,SEAT,SEAT Alhambra (2010-Present),Medium MPV,Medium SUV
1546,OPEL,OPEL Insignia Country Tourer (2013-Present),Medium MPV,Medium
1547,VOLKSWAGEN,VOLKSWAGEN CrossGolf (2010-Present),Medium MPV,Crossover
1548,OPEL,OPEL Insignia Country Tourer (2013-Present),Medium MPV,Medium
1549,SEAT,SEAT Altea (2009-Present),Medium MPV,Crossover
1550,MAZDA,MAZDA 5 / Premacy (2010-Present),Medium MPV,Medium MPV
1551,SEAT,SEAT Alhambra (2010-Present),Medium MPV,Medium MPV
1552,CITROEN,2016 Citroen C4 Picasso,Medium MPV,Medium MPV
1553,RENAULT,RENAULT Scenic (2016-Present),Medium MPV,Crossover
1554,RENAULT,RENAULT Grand Scenic (2016-Present),Medium MPV,Medium MPV
1555,RENAULT,RENAULT Scenic (2016-Present),Medium MPV,Crossover
1556,RENAULT,RENAULT Scenic (2016-Present),Medium MPV,Medium MPV
1557,SEAT,SEAT Altea (2009-Present),Medium MPV,Crossover
1558,VOLKSWAGEN,VOLKSWAGEN CrossTouran (2011-Present),Medium MPV,Medium MPV
1559,MAZDA,MAZDA 5 / Premacy (2010-Present),Medium MPV,Medium MPV
1560,RENAULT,RENAULT Grand Scenic (2016-Present),Medium MPV,Medium MPV
1561,FIAT,FIAT 500L Living (2013-Present),Medium MPV,Medium MPV
1562,OPEL,OPEL Insignia Country Tourer (2013-Present),Medium MPV,Medium
1563,RENAULT,2013 Renault Grand Scenic,Medium MPV,Medium MPV
1564,VOLKSWAGEN,VOLKSWAGEN CrossGolf (2010-Present),Medium MPV,Crossover
1565,SEAT,SEAT Alhambra (2010-Present),Medium MPV,Medium SUV
1566,FIAT,FIAT Doblo (2015-Present),Medium MPV,Large MPV
1567,CITROEN,2016 Citroen C4 Picasso,Medium MPV,Medium MPV
1568,VOLKSWAGEN,VOLKSWAGEN CrossGolf (2010-Present),Medium MPV,Crossover
1569,FIAT,FIAT 500L Living (2013-Present),Medium MPV,Crossover
1570,RENAULT,RENAULT Scenic (2016-Present),Medium MPV,Crossover
1571,VOLKSWAGEN,VOLKSWAGEN CrossTouran (2011-Present),Medium MPV,Medium MPV
1572,FIAT,FIAT Doblo (2015-Present),Medium MPV,Large MPV
1573,SEAT,SEAT Altea (2009-Present),Medium MPV,Compact
1608,MAZDA,2020 Mazda 2,Small,Compact
1609,PEUGEOT,PEUGEOT 108 5 Door (2014-Present),Small,Small
1610,FORD,FORD Fiesta 3 doors (2017-Present),Small,Compact
1611,RENAULT,2020 Renault Clio,Small,Compact
1612,CITROEN,CITROEN C1 5 Doors (2014-Present),Small,Mini
1613,FORD,FORD Fiesta 3 doors (2017-Present),Small,Mini
1614,FORD,FORD Fiesta 3 doors (2017-Present),Small,Mini
1615,FORD,FORD Fiesta 3 doors (2017-Present),Small,Compact
1616,CITROEN,CITROEN C1 5 Doors (2014-Present),Small,Small
1617,DATSUN,DATSUN Mi-Do (2014-Present),Small,Mini
1618,RENAULT,2020 Renault Clio,Small,Compact
1619,DAIHATSU,DAIHATSU Cuore (2007-Present),Small,Small
1620,HYUNDAI,2019 Hyundai i10,Small,Mini
1621,PEUGEOT,PEUGEOT 108 5 Door (2014-Present),Small,Mini
1622,FORD,FORD Fiesta 3 doors (2017-Present),Small,Mini
1623,MAZDA,2020 Mazda 2,Small,Compact
1624,FORD,FORD Fiesta 3 doors (2017-Present),Small,Compact
1625,FORD,FORD Fiesta 3 doors (2017-Present),Small,Compact
1626,FORD,FORD Fiesta 3 doors (2017-Present),Small,Compact
1627,FORD,FORD Fiesta 3 doors (2017-Present),Small,Compact
1638,OPEL,OPEL Adam Rocks (2014-Present),Mini,Mini
1639,HYUNDAI,HYUNDAI i30 (2012-Present),Mini,Compact
1640,LANCIA,LANCIA Ypsilon (846) (2021-Present),Mini,Mini
1641,MITSUBISHI,MITSUBISHI Space Star (2013-Present),Mini,Mini
1642,OPEL,OPEL Adam Rocks (2014-Present),Mini,Mini
1643,RENAULT,2014 Renault Twingo,Mini,Mini
1644,KIA,2021 Kia Picanto,Mini,Mini
1645,RENAULT,2014 Renault Twingo,Mini,Small
1646,SKODA,SKODA Citigo 3 doors (2017-Present),Mini,Mini
1647,VOLKSWAGEN,VOLKSWAGEN up! 5 doors (2016-Present),Mini,Mini
1648,HYUNDAI,HYUNDAI i30 (2012-Present),Mini,Compact
1649,OPEL,OPEL Adam Rocks (2014-Present),Mini,Mini
1650,OPEL,OPEL Adam Rocks (2014-Present),Mini,Mini
1651,HYUNDAI,HYUNDAI i30 (2012-Present),Mini,Compact
1652,HYUNDAI,HYUNDAI i30 (2012-Present),Mini,Compact
1653,HYUNDAI,HYUNDAI i30 (2012-Present),Mini,Compact
1654,OPEL,OPEL Adam (2013-Present),Mini,Mini
1655,OPEL,OPEL Adam (2013-Present),Mini,Mini
1656,SKODA,SKODA Citigo 3 doors (2017-Present),Mini,Mini
1657,OPEL,OPEL Adam (2013-Present),Mini,Mini
1658,HYUNDAI,HYUNDAI i30 (2012-Present),Mini,Compact
1659,HYUNDAI,HYUNDAI i30 (2012-Present),Mini,Compact
1660,KIA,2021 Kia Picanto,Mini,Mini
1661,RENAULT,2014 Renault Twingo,Mini,Mini
1662,HYUNDAI,HYUNDAI i30 (2012-Present),Mini,Compact
1663,SKODA,SKODA Citigo 3 doors (2017-Present),Mini,Mini
1664,HYUNDAI,HYUNDAI i30 (2012-Present),Mini,Compact
1665,RENAULT,2014 Renault Twingo,Mini,Mini
1666,OPEL,OPEL Adam (2013-Present),Mini,Mini
1667,LANCIA,LANCIA Ypsilon (846) (2021-Present),Mini,Mini
1668,OPEL,OPEL Adam Rocks (2014-Present),Mini,Mini
1669,RENAULT,RENAULT Twingo GT (2007-Present),Mini,Mini
1670,OPEL,OPEL Adam Rocks (2014-Present),Mini,Mini
1671,OPEL,OPEL Adam (2013-Present),Mini,Mini
1672,TOYOTA,TOYOTA Aygo (2018-Present),Mini,Mini
1673,TOYOTA,TOYOTA Aygo (2018-Present),Mini,Mini
