Company,Model,Silhouette
ALFA ROMEO,ALFA ROMEO Giulia (2022-Present),0.1970694171552608
ALFA ROMEO,ALFA ROMEO Giulia (2022-Present),0.2973612267246106
ALFA ROMEO,2023 Alfa Romeo Stelvio,0.12456974336797047
ALFA ROMEO,2023 Alfa Romeo Stelvio,0.19747499560763682
ALFA ROMEO,ALFA ROMEO Giulietta (2016-Present),0.5660322501408585
ALFA ROMEO,ALFA ROMEO Giulietta (2016-Present),0.5321739533566026
ALFA ROMEO,ALFA ROMEO Giulietta (2016-Present),0.54861871160386
ALFA ROMEO,ALFA ROMEO Giulietta (2016-Present),0.5537771495746414
ALFA ROMEO,ALFA ROMEO Giulietta (2016-Present),0.5531226231600825
ALFA ROMEO,ALFA ROMEO Giulietta (2016-Present),0.49428088423753214
ALFA ROMEO,ALFA ROMEO Giulietta (2016-Present),0.5152055195808539
ALFA ROMEO,ALFA ROMEO Stelvio Quadrifoglio (2017-Present),0.3263219042718037
ALFA ROMEO,2016 Alfa Romeo Giulia Quadrifoglio,0.24291301729403345
ALPINE,ALPINE A110 (2017-Present),0.3031861195323834
ALPINE,ALPINE A110 (2017-Present),0.2946062294289192
ARIEL,ARIEL Atom 3 (2008-Present),0.17768153785401344
ARIEL,ARIEL Atom 3 (2008-Present),0.20940713052919543
ARIEL,ARIEL Atom 3 (2008-Present),0.2374581401667855
ARIEL,ARIEL Atom 3 (2008-Present),0.17768153785401344
ASTON MARTIN,ASTON MARTIN V12 Vantage Roadster (2022-Present),0.32810238943284126
ASTON MARTIN,ASTON MARTIN DBX707 (2022-Present),0.40487621493515336
ASTON MARTIN,ASTON MARTIN DBX (2020-Present),0.4286420526695282
AUDI,2019 Audi Q8,0.14445706891911494
AUDI,2019 Audi Q8,0.10774256302750229
AUDI,2019 Audi Q8,-0.11835307921440288
AUDI,AUDI S8 (2021-Present),0.42889176274862684
AUDI,AUDI R8 V10 performance RWD (2021-Present),0.264842678658887
AUDI,AUDI R8 Coupe (2018-Present),0.2820809609928428
AUDI,AUDI R8 Coupe (2018-Present),0.2711989203499765
AUDI,AUDI R8 Coupe (2018-Present),0.2762330342544356
AUDI,AUDI A3 Sportback (2020-Present),0.5551780123860771
AUDI,AUDI A3 Sportback (2020-Present),0.5410695821052585
AUDI,AUDI A3 Sportback (2020-Present),0.5072174940195293
AUDI,AUDI A3 Sportback (2020-Present),0.5561700078472379
AUDI,AUDI A3 Sedan (2020-Present),0.5778104270994638
AUDI,AUDI A3 Sedan (2020-Present),0.5391387696334213
AUDI,AUDI A3 Sedan (2020-Present),0.5554329363019825
AUDI,AUDI A3 Sedan (2020-Present),0.4940197471228435
AUDI,AUDI A3 Sedan (2020-Present),0.580911547005416
AUDI,AUDI A3 Sedan (2020-Present),0.5363231542032845
AUDI,AUDI S3 Sportback (2020-Present),0.2775791314184321
AUDI,AUDI Q5 (2020-Present),0.3638440439237818
AUDI,AUDI Q5 (2020-Present),0.27294871341471205
AUDI,AUDI Q5 (2020-Present),0.20268980087986452
AUDI,AUDI Q5 (2020-Present),0.24374019501539143
AUDI,AUDI Q5 (2020-Present),0.10025285654097758
AUDI,AUDI RS 3 Sedan (2021-Present),0.05222352163600103
AUDI,AUDI S5 Cabriolet (2020-Present),0.13432495909434597
AUDI,AUDI S3 Sedan (2020-Present),0.26450511220468076
AUDI,AUDI S5 Sportback (2020-Present),0.09784176331567108
AUDI,AUDI Q7 (2019-Present),0.2747174785616809
AUDI,AUDI Q7 (2019-Present),0.19492049280069015
AUDI,AUDI Q7 (2019-Present),0.25718507427402953
AUDI,AUDI RS5 Sportback (2019-Present),0.25379595203358957
AUDI,2020 Audi A4 Avant,0.3692185068531659
AUDI,2020 Audi A4 Avant,0.277669396110212
AUDI,2020 Audi A4 Avant,0.13343331934797922
AUDI,2020 Audi A4 Avant,0.39272743838694885
AUDI,2020 Audi A4 Avant,0.3362786578959809
AUDI,2020 Audi A4 Avant,0.2631373147043778
AUDI,2020 Audi A4 Avant,-0.033172321040290983
AUDI,AUDI A5 Sportback (2019-Present),0.47932408995122366
AUDI,AUDI A5 Sportback (2019-Present),0.4819744356280278
AUDI,AUDI A5 Sportback (2019-Present),0.4196222608381153
AUDI,AUDI A5 Sportback (2019-Present),0.38646543808964817
AUDI,AUDI A5 Sportback (2019-Present),0.1987475163499756
AUDI,AUDI A5 Sportback (2019-Present),0.45214485549407657
AUDI,AUDI A5 Sportback (2019-Present),0.413174267166358
AUDI,AUDI A5 Sportback (2019-Present),0.38322595302714013
AUDI,AUDI A5 Sportback (2019-Present),0.10043367600334058
AUDI,AUDI A5 Sportback (2011-Present),0.4590611298055204
AUDI,AUDI A5 Sportback (2011-Present),0.4689377207069565
AUDI,AUDI A5 Sportback (2011-Present),0.42265364101346925
AUDI,AUDI A5 Sportback (2011-Present),0.2872053785544858
AUDI,AUDI A5 Sportback (2011-Present),0.3203641077952771
AUDI,AUDI A5 Sportback (2011-Present),0.2594617467955125
AUDI,AUDI A5 Sportback (2011-Present),0.25089400278338564
AUDI,AUDI A5 Sportback (2011-Present),0.001318041386709858
AUDI,AUDI A5 Sportback (2011-Present),0.4507234845573956
AUDI,AUDI A5 Sportback (2011-Present),0.45660276003579586
AUDI,AUDI A5 Sportback (2011-Present),0.4537392079482926
AUDI,AUDI A5 Sportback (2011-Present),0.35651279380115286
AUDI,AUDI A5 Sportback (2011-Present),0.32746100008584755
AUDI,AUDI A5 Sportback (2011-Present),0.32160843389443594
AUDI,AUDI A5 Sportback (2011-Present),0.45211166499735167
AUDI,AUDI A5 Sportback (2011-Present),0.4003612615967889
AUDI,AUDI A5 Sportback (2011-Present),-0.053963248735101096
AUDI,AUDI A5 Sportback (2011-Present),0.06210139396146012
AUDI,AUDI SQ7 (2019-Present),0.35123319314348167
AUDI,2019 Audi A6 allroad quattro,0.01581375956921866
AUDI,2019 Audi A6 allroad quattro,0.21400695519062038
AUDI,2020 Audi A4 8W,0.366621943505145
AUDI,2020 Audi A4 8W,0.43255076956947686
AUDI,2020 Audi A4 8W,0.4007116173791418
AUDI,2020 Audi A4 8W,0.3478951256239904
AUDI,2020 Audi A4 8W,0.28760430194600545
AUDI,2020 Audi A4 8W,0.06683617113031688
AUDI,2020 Audi A4 8W,-0.028693286840150076
AUDI,2020 Audi A4 8W,0.3775267158473237
AUDI,2020 Audi A4 8W,0.3033271832914951
AUDI,2020 Audi A4 8W,0.19204113476343054
AUDI,AUDI S6 Sedan (2019-Present),-0.2817262148105087
AUDI,2023 Audi RS7 Sportback,0.4178479215592892
AUDI,2023 Audi RS7 Sportback,0.4214173200121051
AUDI,AUDI RS4 Avant (B9) (2019-Present),0.25724625543086227
AUDI,AUDI A6 Avant (C8) (2018-Present),-0.0012639933724533955
AUDI,AUDI A6 Avant (C8) (2018-Present),0.027943928596011726
AUDI,AUDI A6 Avant (C8) (2018-Present),0.1303725368175924
AUDI,AUDI A6 Avant (C8) (2018-Present),0.10829130419439777
AUDI,AUDI A6 Avant (C8) (2018-Present),0.21373994350274042
AUDI,AUDI A6 Avant (C8) (2018-Present),-0.13739384931988988
AUDI,AUDI A6 Avant (C8) (2018-Present),-0.2159868870357692
AUDI,AUDI A6 (2018-Present),0.009660221743037517
AUDI,AUDI A6 (2018-Present),0.1307869144336848
AUDI,AUDI A6 (2018-Present),0.2187556516747617
AUDI,AUDI A6 (2018-Present),0.10928640653315129
AUDI,AUDI A6 (2018-Present),0.13538888328019252
AUDI,AUDI A6 (2018-Present),-0.11773253576995459
AUDI,AUDI A6 (2018-Present),-0.20439035942789632
AUDI,AUDI Q3 (2018-Present),0.5417057471965023
AUDI,AUDI Q3 (2018-Present),0.5112103556252827
AUDI,AUDI Q3 (2018-Present),0.4086684816059632
AUDI,AUDI Q3 (2018-Present),0.32278111039625806
AUDI,AUDI Q3 (2018-Present),0.5054982710959508
AUDI,AUDI Q3 (2018-Present),0.4285370457391
AUDI,AUDI Q3 (2018-Present),0.5201158597075755
AUDI,AUDI Q3 (2018-Present),0.45490425104023074
AUDI,2020 Audi A1 citycarver,0.516028201133799
AUDI,2020 Audi A1 citycarver,0.5164015099460819
AUDI,2020 Audi A1 citycarver,0.5172397437263375
AUDI,2020 Audi A1 citycarver,0.4770030474203393
AUDI,AUDI A1 Sportback (2018-Present),0.5155763039971353
AUDI,AUDI A1 Sportback (2018-Present),0.5157904324313317
AUDI,AUDI A1 Sportback (2018-Present),0.4767148860898198
AUDI,AUDI R8 Spyder (2018-Present),0.2881142112384682
AUDI,AUDI RS 3 Sportback (2021-Present),0.029087456963117812
AUDI,AUDI A7 Sportback (2017-Present),-0.0014078877220767543
AUDI,AUDI A7 Sportback (2017-Present),0.028097316191458326
AUDI,AUDI A7 Sportback (2017-Present),0.20606088482635176
AUDI,AUDI A7 Sportback (2017-Present),0.10953654721593288
AUDI,AUDI A7 Sportback (2017-Present),0.19367032955048546
AUDI,AUDI A7 Sportback (2017-Present),0.14373828403335062
AUDI,AUDI A8 (2017-Present),0.27157462216879236
AUDI,AUDI A8 (2017-Present),-0.08482475681059252
AUDI,AUDI A8 L (2017-Present),0.29790489865499986
AUDI,AUDI A8 L (2017-Present),0.27963535925034266
AUDI,AUDI A8 L (2017-Present),-0.0905521079860335
AUDI,AUDI A5 (2016-Present),0.3762136979399113
AUDI,AUDI A5 (2016-Present),0.4066828125595946
AUDI,AUDI A5 (2016-Present),0.3086600624331393
AUDI,AUDI A5 (2016-Present),0.26891437322395123
AUDI,AUDI A5 (2016-Present),0.3942161116923669
AUDI,AUDI A5 (2016-Present),0.39433843748888686
AUDI,AUDI A5 (2016-Present),0.3795290507822549
AUDI,AUDI A5 (2016-Present),0.4361211791757889
AUDI,AUDI A5 (2016-Present),0.2352635316032542
AUDI,AUDI A5 (2016-Present),0.20523043481798192
AUDI,AUDI A3 Cabriolet (2016-Present),0.5733303838120292
AUDI,AUDI A3 Cabriolet (2016-Present),0.5741150564544415
AUDI,AUDI A3 Cabriolet (2016-Present),0.5444377328511868
AUDI,AUDI A3 Cabriolet (2016-Present),0.543326718722135
AUDI,AUDI A3 Cabriolet (2016-Present),0.41013101697883436
AUDI,AUDI A3 Cabriolet (2016-Present),0.5054860382417047
AUDI,AUDI A3 Cabriolet (2016-Present),0.5087526400545478
AUDI,AUDI A3 Cabriolet (2016-Present),0.4295150419497742
AUDI,AUDI A3 Cabriolet (2016-Present),0.5018440719199627
AUDI,AUDI A5 Cabriolet (2012-Present),0.41409581872453916
AUDI,AUDI A5 Cabriolet (2012-Present),0.42330215574019936
AUDI,AUDI A5 Cabriolet (2012-Present),0.2927698277354118
AUDI,AUDI A5 Cabriolet (2012-Present),0.31622723746473064
AUDI,AUDI A5 Cabriolet (2012-Present),0.26675540457818997
AUDI,AUDI A5 Cabriolet (2012-Present),-0.011128914783121563
AUDI,AUDI A5 Cabriolet (2012-Present),0.45363738523504493
AUDI,AUDI A5 Cabriolet (2012-Present),0.39784360753565357
AUDI,AUDI A5 Cabriolet (2012-Present),0.3764799295160654
AUDI,AUDI A5 Cabriolet (2012-Present),0.4439869162032059
AUDI,AUDI A5 Cabriolet (2012-Present),0.3457623874401878
AUDI,AUDI A5 Cabriolet (2012-Present),0.3561894999715819
AUDI,AUDI A5 Cabriolet (2012-Present),0.3247420109843642
AUDI,AUDI A5 Cabriolet (2012-Present),0.3862268794800337
AUDI,AUDI A5 Cabriolet (2012-Present),-0.008417377713232924
AUDI,AUDI A5 Cabriolet (2012-Present),-0.22315874860004348
AUDI,AUDI A5 Cabriolet (2012-Present),-0.019945018371126808
AUDI,AUDI Q5 Sportback (2020-Present),0.3642927256826156
AUDI,AUDI Q5 Sportback (2020-Present),0.2619778733921616
AUDI,AUDI Q5 Sportback (2020-Present),0.20557799112343203
AUDI,AUDI Q5 Sportback (2020-Present),0.2409641913314387
AUDI,AUDI Q5 Sportback (2020-Present),0.09625205602332286
AUDI,AUDI Q3 Sportback (2019-Present),0.5155563646760484
AUDI,AUDI Q3 Sportback (2019-Present),0.5294379330363216
AUDI,AUDI Q3 Sportback (2019-Present),0.43966559430234325
BENTLEY,BENTLEY Bentayga (2020-Present),0.4174584048761592
BENTLEY,BENTLEY Bentayga Speed (2020-Present),0.3889661939521318
BENTLEY,BENTLEY Continental GTC (2018-Present),0.3576022157757864
BENTLEY,BENTLEY Mulsanne (2016-Present),0.34765193516004367
BENTLEY,BENTLEY Mulsanne (2016-Present),0.33128378018220084
BENTLEY,BENTLEY Mulsanne (2016-Present),0.34448335223801985
BMW,2024 BMW X5,0.4176241678879856
BMW,2024 BMW X5,0.33903116618766155
BMW,2024 BMW X5,0.3056709768491753
BMW,2019 BMW X5,0.36863356284415566
BMW,2019 BMW X5,0.36534143681394643
BMW,2019 BMW X5,0.2600494166854083
BMW,2019 BMW X5,0.2706928951201418
BMW,2019 BMW X5,0.2804671140623503
BMW,2019 BMW X5,0.3269964548538635
BMW,2024 BMW X6,0.43116599020350094
BMW,2024 BMW X6,0.3529517898428452
BMW,2024 BMW X6,0.3181006793360836
BMW,2020 BMW X6,0.42985474325481704
BMW,2020 BMW X6,0.31878077661658716
BMW,2020 BMW X6,0.3803257150901264
BMW,2020 BMW X6,0.28118505758839213
BMW,2020 BMW X6,0.34289856372085004
BMW,2024 BMW X6 M Competition,0.4247023897340145
BMW,2020 BMW X6 M,0.4283310715862191
BMW,2020 BMW X6 M,0.4259671717827684
BMW,2024 BMW X5 M Competition,0.4117855451580285
BMW,2020 BMW X5 M,0.4174499452093575
BMW,2020 BMW X5 M,0.41535070315220396
BMW,2024 BMW X2,0.5146974948600411
BMW,2019,0.32105852595823303
BMW,BMW X7 (2022-Present),0.3171781877872022
BMW,BMW X7 (2022-Present),0.3186651087851268
BMW,BMW M8 Coupe (2022-Present),0.37881826770822874
BMW,BMW 7 Series (2022-Present),0.3232483000062103
BMW,BMW 7 Series (2022-Present),0.3025807464263628
BMW,BMW 3-Series Touring (2022-Present),0.43788246485422605
BMW,BMW 3-Series Touring (2022-Present),0.3730742700390091
BMW,BMW 3-Series Touring (2022-Present),0.2063474498423167
BMW,BMW 3-Series Touring (2022-Present),0.1830430875457397
BMW,BMW 3-Series Touring (2022-Present),0.45799727125828515
BMW,BMW 3-Series Touring (2022-Present),0.37390374863144865
BMW,BMW 3-Series Touring (2022-Present),0.3707689480215903
BMW,BMW 3-Series Touring (2022-Present),0.10908552388406785
BMW,BMW 3-Series Touring (2022-Present),0.13402196316159581
BMW,BMW 3-Series Touring (2022-Present),0.20320814761593814
BMW,BMW 3-Series Touring (2022-Present),0.27016070191962926
BMW,BMW 3-Series Touring (2022-Present),0.26910237182935737
BMW,BMW 3-Series Touring (2022-Present),0.244897228876397
BMW,BMW 3-Series Touring (2022-Present),0.26605757769264327
BMW,BMW 3-Series Touring (2022-Present),0.16855685267152593
BMW,BMW 3 Series Sedan (2022-Present),0.43942071818723805
BMW,BMW 3 Series Sedan (2022-Present),0.37327584699643646
BMW,BMW 3 Series Sedan (2022-Present),0.3748425106536475
BMW,BMW 3 Series Sedan (2022-Present),0.2192815332697992
BMW,BMW 3 Series Sedan (2022-Present),0.19227605857597213
BMW,BMW 3 Series Sedan (2022-Present),0.4580521945861392
BMW,BMW 3 Series Sedan (2022-Present),0.3683034654868179
BMW,BMW 3 Series Sedan (2022-Present),0.37397951012010144
BMW,BMW 3 Series Sedan (2022-Present),0.09499485533445341
BMW,BMW 3 Series Sedan (2022-Present),0.11830304621692274
BMW,BMW 3 Series Sedan (2022-Present),0.1900973101316024
BMW,BMW 3 Series Sedan (2022-Present),0.2549351735049449
BMW,BMW 3 Series Sedan (2022-Present),0.23552252059894155
BMW,BMW 3 Series Sedan (2022-Present),0.23213601303505857
BMW,BMW 3 Series Sedan (2022-Present),0.1564173064306727
BMW,BMW X1 (2022-Present),0.1929830057914648
BMW,BMW X1 (2022-Present),0.5290422506222254
BMW,BMW X1 (2022-Present),0.5021493854480271
BMW,BMW X1 (2022-Present),0.39480215993241713
BMW,BMW X1 (2022-Present),0.4166082665803985
BMW,BMW M8 Convertible (2022-Present),0.37813603871916923
BMW,BMW X4 (2021-Present),0.31684454064482814
BMW,BMW X4 (2021-Present),0.21868003149635834
BMW,BMW X4 (2021-Present),0.246050227975798
BMW,BMW X4 (2021-Present),0.2636411762978929
BMW,BMW X4 (2021-Present),0.11815934239955528
BMW,BMW 2 Series Active Tourer (2021-Present),0.5477499185813238
BMW,BMW 2 Series Active Tourer (2021-Present),0.5096554106972918
BMW,BMW 2 Series Active Tourer (2021-Present),0.5246209422117631
BMW,BMW 2 Series Active Tourer (2021-Present),0.41572735880496303
BMW,BMW 4 Series Gran Coupe (G26) (2021-Present),0.3397867323223128
BMW,BMW 4 Series Gran Coupe (G26) (2021-Present),0.16542596579010013
BMW,BMW 4 Series Gran Coupe (G26) (2021-Present),0.30290269085932175
BMW,BMW 4 Series Gran Coupe (G26) (2021-Present),0.2953151777395515
BMW,BMW 4 Series Gran Coupe (G26) (2021-Present),0.203272667071455
BMW,BMW 2 Series Coupe (G42) (2021-Present),0.41878584814020775
BMW,BMW 2 Series Coupe (G42) (2021-Present),0.38662742630768016
BMW,BMW X3 (2021-Present),0.2942688820810611
BMW,BMW X3 (2021-Present),0.22280026912471207
BMW,BMW X3 (2021-Present),0.22505740302960864
BMW,BMW X3 (2021-Present),0.2414322524799201
BMW,BMW X3 (2021-Present),0.28059649743590753
BMW,BMW X3 (2021-Present),0.12501345142340284
BMW,BMW X3 (2021-Present),0.26883828132483417
BMW,BMW 4 Series Coupe (G22) (2020-Present),0.3548162775122519
BMW,BMW 4 Series Coupe (G22) (2020-Present),0.1931474506179582
BMW,BMW 4 Series Coupe (G22) (2020-Present),0.31611548558091196
BMW,BMW 4 Series Coupe (G22) (2020-Present),0.3118250988015122
BMW,BMW 4 Series Coupe (G22) (2020-Present),0.1649412134306371
BMW,BMW M5 Competition (F90 LCI) (2020-Present),0.4079063368867055
BMW,2023 BMW M4 CSL,0.3161638806438949
BMW,BMW M4 Coupe (G82) (2020-Present),0.2658391440825147
BMW,BMW M4 Coupe (G82) (2020-Present),0.29825304990022417
BMW,BMW 4-Series Convertible (G23) (2020-Present),0.34091870223220216
BMW,BMW 4-Series Convertible (G23) (2020-Present),0.1631022113095328
BMW,BMW 4-Series Convertible (G23) (2020-Present),0.2978440004252948
BMW,BMW 4-Series Convertible (G23) (2020-Present),0.1823891563676548
BMW,2021 BMW 5 Series,0.40642349077939177
BMW,2021 BMW 5 Series,0.19008518639879066
BMW,2021 BMW 5 Series,0.18883979613633
BMW,2021 BMW 5 Series,0.21539957399687923
BMW,2021 BMW 5 Series,0.2060120182924833
BMW,2021 BMW 5 Series,0.17354325829477657
BMW,2021 BMW 5 Series,0.2063054998022653
BMW,2021 BMW 5 Series,0.26318002778242855
BMW,2021 BMW 5 Series,0.25456014964961254
BMW,2021 BMW 5 Series,0.11499070677144359
BMW,2021 BMW 5 Series,0.08490192249518043
BMW,2021 BMW 5 Series,0.18699998847020374
BMW,2021 BMW 5 Series,0.19828330529407062
BMW,BMW 5 Series Touring (G31 LCI) (2020-Present),0.2038128089325087
BMW,BMW 5 Series Touring (G31 LCI) (2020-Present),0.19180832044081203
BMW,BMW 5 Series Touring (G31 LCI) (2020-Present),0.21093369044134683
BMW,BMW 5 Series Touring (G31 LCI) (2020-Present),0.23229082553044902
BMW,BMW 5 Series Touring (G31 LCI) (2020-Present),0.28538014328498923
BMW,BMW 5 Series Touring (G31 LCI) (2020-Present),0.2551278997023812
BMW,BMW 5 Series Touring (G31 LCI) (2020-Present),0.0851323489513311
BMW,BMW 5 Series Touring (G31 LCI) (2020-Present),0.059434694701947434
BMW,BMW 5 Series Touring (G31 LCI) (2020-Present),0.19603078705551008
BMW,BMW 6 Series Gran Turismo (G32 LCI) (2020-Present),0.12940313434609557
BMW,BMW 6 Series Gran Turismo (G32 LCI) (2020-Present),0.24337709167242932
BMW,BMW 6 Series Gran Turismo (G32 LCI) (2020-Present),0.2622500853685591
BMW,BMW 6 Series Gran Turismo (G32 LCI) (2020-Present),0.3104693420124668
BMW,BMW 6 Series Gran Turismo (G32 LCI) (2020-Present),-0.03658683672680666
BMW,BMW 6 Series Gran Turismo (G32 LCI) (2020-Present),0.2471421095469136
BMW,BMW 6 Series Gran Turismo (G32 LCI) (2020-Present),0.2599355194521482
BMW,BMW 1 Series (F40) (2019-Present),0.5649541606824028
BMW,BMW 1 Series (F40) (2019-Present),0.3341970761356585
BMW,BMW 1 Series (F40) (2019-Present),0.23052089706424156
BMW,BMW 1 Series (F40) (2019-Present),0.5833462594439371
BMW,BMW 1 Series (F40) (2019-Present),0.568337492234818
BMW,BMW 1 Series (F40) (2019-Present),0.5251426437826673
BMW,BMW 1 Series (F40) (2019-Present),0.5187223849957961
BMW,BMW 1 Series (F40) (2019-Present),0.4445858532573035
BMW,BMW M2 (2022-Present),0.16293366794110872
BMW,BMW M2 (2022-Present),0.1689735664725555
BMW,BMW M2 CS (2019-Present),0.15659688142514416
BMW,BMW M2 CS (2019-Present),0.15962256565287047
BMW,BMW M2 Competition (2018-Present),0.07129584998503631
BMW,BMW M2 Competition (2018-Present),0.1309228521212837
BMW,2024 BMW M3 CS,0.31085375038467505
BMW,BMW M3 Sedan (G80) (2020-Present),0.2779714423077225
BMW,BMW M3 Sedan (G80) (2020-Present),0.3102387475142308
BMW,BMW 2 Series Gran Tourer (F46) (2018-Present),0.5396691418734928
BMW,BMW 2 Series Gran Tourer (F46) (2018-Present),0.5295573923544021
BMW,BMW 2 Series Gran Tourer (F46) (2018-Present),0.5300688784224328
BMW,BMW 2 Series Gran Tourer (F46) (2018-Present),0.44070388084242074
BMW,BMW 2 Series Gran Tourer (F46) (2018-Present),0.5387093875945967
BMW,BMW 2 Series Gran Tourer (F46) (2018-Present),0.5369830920507699
BMW,BMW 2 Series Gran Tourer (F46) (2018-Present),0.49305985645912964
BMW,BMW 2 Series Gran Tourer (F46) (2018-Present),0.49037250100923746
BMW,BMW 2 Series Gran Tourer (F46) (2018-Present),0.4781254808414418
BMW,BMW 2 Series Gran Tourer (F46) (2018-Present),0.4807202073625014
BMW,BMW 2 Series Gran Tourer (F46) (2018-Present),0.42540725857171274
BMW,BMW 2 Series Gran Tourer (F46) (2018-Present),0.4156014184053499
BMW,BMW 1 Series 3 doors (F20) LCI (2017-Present),0.5842743829383699
BMW,BMW 1 Series 3 doors (F20) LCI (2017-Present),0.5624892909475107
BMW,BMW 1 Series 3 doors (F20) LCI (2017-Present),0.5648319702850013
BMW,BMW 1 Series 3 doors (F20) LCI (2017-Present),0.4732641339953942
BMW,BMW 1 Series 3 doors (F20) LCI (2017-Present),0.48582389200601706
BMW,BMW 1 Series 3 doors (F20) LCI (2017-Present),0.404242415674066
BMW,BMW 1 Series 3 doors (F20) LCI (2017-Present),-0.09681989201781811
BMW,BMW 1 Series 3 doors (F20) LCI (2017-Present),0.5579297548037192
BMW,BMW 1 Series 3 doors (F20) LCI (2017-Present),0.5524300620903404
BMW,BMW 1 Series 3 doors (F20) LCI (2017-Present),0.5431236004446575
BMW,BMW 1 Series 3 doors (F20) LCI (2017-Present),0.5199000352470836
BMW,BMW 1 Series 3 doors (F20) LCI (2017-Present),0.5098839351130002
BMW,BMW 1 Series 3 doors (F20) LCI (2017-Present),0.5255414367576954
BMW,BMW 1 Series 3 doors (F20) LCI (2017-Present),0.45128531401382266
BMW,BMW 1 Series 3 doors (F20) LCI (2017-Present),0.44507473191671965
BMW,BMW 1 Series 3 doors (F20) LCI (2017-Present),0.44978638053098524
BMW,BMW 1 Series 3 doors (F20) LCI (2017-Present),0.3815478130263249
BMW,BMW 2 Series Convertible (F23) LCI (2017-Present),0.5434012680636342
BMW,BMW 2 Series Convertible (F23) LCI (2017-Present),0.5461960637032284
BMW,BMW 2 Series Convertible (F23) LCI (2017-Present),0.46384856190984325
BMW,BMW 2 Series Convertible (F23) LCI (2017-Present),0.3210065794465782
BMW,BMW 2 Series Convertible (F23) LCI (2017-Present),-0.04464046283398524
BMW,BMW 2 Series Convertible (F23) LCI (2017-Present),-0.04928407829240494
BMW,BMW 2 Series Convertible (F23) LCI (2017-Present),-0.031898450489996
BMW,BMW 2 Series Convertible (F23) LCI (2017-Present),0.5090302224593455
BMW,BMW 2 Series Convertible (F23) LCI (2017-Present),0.503925479514647
BMW,BMW 2 Series Convertible (F23) LCI (2017-Present),0.4366481205237589
BMW,BMW 2 Series Convertible (F23) LCI (2017-Present),0.43033792748057575
BMW,BMW 2 Series Convertible (F23) LCI (2017-Present),0.3593608382857079
BMW,BMW Z4 (G29) (2018-Present),0.37012433161253744
BMW,BMW Z4 (G29) (2018-Present),0.28353737632744813
BMW,BMW 3 Series Gran Turismo LCI (F34) (2016-Present),0.36211249936613
BMW,BMW 3 Series Gran Turismo LCI (F34) (2016-Present),0.3699156382644027
BMW,BMW 3 Series Gran Turismo LCI (F34) (2016-Present),0.3451341337500518
BMW,BMW 3 Series Gran Turismo LCI (F34) (2016-Present),0.3633523187436903
BMW,BMW 3 Series Gran Turismo LCI (F34) (2016-Present),0.20406066930350225
BMW,BMW 3 Series Gran Turismo LCI (F34) (2016-Present),0.18394178866903163
BMW,BMW 3 Series Gran Turismo LCI (F34) (2016-Present),0.09383297491007109
BMW,BMW 3 Series Gran Turismo LCI (F34) (2016-Present),0.11763096232613889
BMW,BMW 3 Series Gran Turismo LCI (F34) (2016-Present),0.44019861218774536
BMW,BMW 3 Series Gran Turismo LCI (F34) (2016-Present),0.43896170614722113
BMW,BMW 3 Series Gran Turismo LCI (F34) (2016-Present),0.3426561703911508
BMW,BMW 3 Series Gran Turismo LCI (F34) (2016-Present),0.34919265961976603
BMW,BMW 3 Series Gran Turismo LCI (F34) (2016-Present),0.3285873898090062
BMW,BMW 3 Series Gran Turismo LCI (F34) (2016-Present),0.3371926417766584
BMW,BMW 3 Series Gran Turismo LCI (F34) (2016-Present),0.2307720107484945
BMW,BMW 3 Series Gran Turismo LCI (F34) (2016-Present),0.07049010610612103
BMW,BMW 3 Series Gran Turismo LCI (F34) (2016-Present),0.15890478993221874
BMW,BMW M4 CS (F82) (2017-Present),0.2440918274972097
BMW,BMW 2 Series Gran Coupe (F44) (2019-Present),0.5506162536729601
BMW,BMW 2 Series Gran Coupe (F44) (2019-Present),0.5509502690853223
BMW,BMW 2 Series Gran Coupe (F44) (2019-Present),0.22661651637502617
BMW,BMW 2 Series Gran Coupe (F44) (2019-Present),0.5090345016343928
BMW,BMW 2 Series Gran Coupe (F44) (2019-Present),0.5055184297248156
BMW,BMW 2 Series Gran Coupe (F44) (2019-Present),0.4390175889995184
BMW,BMW 2 Series Gran Coupe (F44) (2019-Present),0.442430519800552
BMW,2020 BMW 8 Series Gran Coupe,0.26309480729968426
BMW,2020 BMW 8 Series Gran Coupe,0.27643351880736605
BMW,2020 BMW 8 Series Gran Coupe,0.4093978322406576
BMW,2020 BMW 8 Series Gran Coupe,0.2982646351130314
BMW,BMW M8 Gran Coupe (2022-Present),0.4071206771277289
BMW,BMW X3 M (F97) (2021-Present),0.3448625612886302
BMW,BMW X3 M (F97) (2019-Present),0.32254106351947515
BMW,BMW X3 M (F97) (2019-Present),0.34349239264008075
BMW,BMW X3 M (F97) (2019-Present),0.17646202168545821
BMW,BMW M3 Touring (2022-Present),0.3216109914884711
BMW,BMW X4 M (F98) (2021-Present),0.3615691347688157
BMW,BMW X4 M (F98) (2019-Present),0.34033127821606174
BMW,BMW X4 M (F98) (2019-Present),0.36017662395601013
BUGATTI,2020 Bugati Chiron Pur Spot,0.21497408312848498
BUICK,2021 Buick Envision,0.26796761830203375
BUICK,2021 Buick Envision,0.28524142971431893
CHEVROLET,CHEVROLET Equinox (2020-Present),0.38165966518348565
CHEVROLET,CHEVROLET Equinox (2020-Present),0.22135367053291596
CHEVROLET,CHEVROLET Cruze HB5 (2011-Present),0.5736053196263234
CHEVROLET,CHEVROLET Cruze HB5 (2011-Present),0.5630453088047184
CHEVROLET,CHEVROLET Cruze HB5 (2011-Present),0.5585428946750801
CHEVROLET,CHEVROLET Cruze HB5 (2011-Present),0.551564647864163
CHEVROLET,CHEVROLET Cruze HB5 (2011-Present),0.5621760292672743
CHEVROLET,CHEVROLET Cruze HB5 (2011-Present),0.5082548480854412
CHEVROLET,CHEVROLET Cruze HB5 (2011-Present),0.5260643140404329
CHEVROLET,2015 Chevrolet Corvette C7 Z06,0.30702584498944724
CHEVROLET,2015 Chevrolet Corvette C7 Z06,0.30776386945710893
CHEVROLET,CHEVROLET Captiva (2011-Present),0.314859225180586
CHEVROLET,CHEVROLET Captiva (2011-Present),0.30891451620359606
CHEVROLET,CHEVROLET Captiva (2011-Present),0.32677059769485345
CHEVROLET,CHEVROLET Captiva (2011-Present),0.18022591910034635
CHEVROLET,CHEVROLET Captiva (2011-Present),0.31876390228637974
CHEVROLET,CHEVROLET Captiva (2011-Present),0.271947089346624
CHEVROLET,CHEVROLET Captiva (2011-Present),0.3352733833791181
CHEVROLET,CHEVROLET Captiva (2011-Present),0.2746276390570737
CHEVROLET,CHEVROLET Captiva (2011-Present),0.3336215407320763
CHEVROLET,CHEVROLET Captiva (2011-Present),0.2665758239462875
CHEVROLET,CHEVROLET Captiva (2011-Present),0.34537802492460595
CHEVROLET,CHEVROLET Captiva (2011-Present),0.27204840868480784
CHEVROLET,CHEVROLET Express (2008-Present),0.1707172218352755
CHEVROLET,CHEVROLET Express (2008-Present),0.20901254576157657
CHEVROLET,CHEVROLET Express (2008-Present),0.21900299346859342
CHEVROLET,CHEVROLET Cruze Wagon (2012-Present),0.5606752161457741
CHEVROLET,CHEVROLET Cruze Wagon (2012-Present),0.5491889374829121
CHEVROLET,CHEVROLET Cruze Wagon (2012-Present),0.5497085612018047
CHEVROLET,CHEVROLET Cruze Wagon (2012-Present),0.5451307572872702
CHEVROLET,CHEVROLET Cruze Wagon (2012-Present),0.5499666826668572
CHEVROLET,CHEVROLET Cruze Wagon (2012-Present),0.5053502787379328
CHEVROLET,CHEVROLET Cruze Wagon (2012-Present),0.5053644345034878
CITROEN,CITROEN C3 (2019-Present),0.5321433271524945
CITROEN,CITROEN C3 (2019-Present),0.5435161760973644
CITROEN,CITROEN C3 (2019-Present),0.5369480864573428
CITROEN,CITROEN C3 (2019-Present),0.550903810224703
CITROEN,CITROEN Berlingo (2018-Present),0.4464602419086547
CITROEN,CITROEN Berlingo (2018-Present),0.4161765529717598
CITROEN,CITROEN Berlingo (2018-Present),0.43500417213668213
CITROEN,2016 Citroen C4 Picasso,0.5676703983733468
CITROEN,2016 Citroen C4 Picasso,0.5715986697559426
CITROEN,2016 Citroen C4 Picasso,0.5684819195577218
CITROEN,2016 Citroen C4 Picasso,0.5356136924103085
CITROEN,2016 Citroen C4 Picasso,0.5427170910086329
CITROEN,2016 Citroen C4 Picasso,0.5472942088612441
CITROEN,2016 Citroen C4 Picasso,0.5471767459465541
CITROEN,2016 Citroen C4 Picasso,0.5190991731133868
CITROEN,2016 Citroen C4 Picasso,0.5122205520202101
CITROEN,CITROEN Grand C4 Picasso (2016-Present),0.5202034705516332
CITROEN,CITROEN Grand C4 Picasso (2016-Present),0.5241829972298219
CITROEN,CITROEN Grand C4 Picasso (2016-Present),0.48978705193371297
CITROEN,CITROEN Grand C4 Picasso (2016-Present),0.5074344725520956
CITROEN,CITROEN Grand C4 Picasso (2016-Present),0.5020203274640523
CITROEN,CITROEN Grand C4 Picasso (2016-Present),0.5095738567995675
CITROEN,CITROEN Grand C4 Picasso (2016-Present),0.4684053657966887
CITROEN,CITROEN Grand C4 Picasso (2016-Present),0.4642553974746246
CITROEN,CITROEN C1 5 Doors (2014-Present),0.437251432995268
CITROEN,CITROEN C1 5 Doors (2014-Present),0.4355292684497859
CITROEN,CITROEN C1 5 Doors (2014-Present),0.4419105327565352
CITROEN,CITROEN C5 Tourer (2010-Present),0.4221350729589513
CITROEN,CITROEN C5 Tourer (2010-Present),0.420694424608835
CITROEN,CITROEN C5 Tourer (2010-Present),0.4564311437369163
CITROEN,CITROEN C5 Tourer (2010-Present),0.4646242931023196
CITROEN,CITROEN C5 Tourer (2010-Present),0.4710286612576683
CITROEN,CITROEN C5 Tourer (2010-Present),0.46745950669097885
CITROEN,CITROEN C5 Tourer (2010-Present),0.4031047524979751
CITROEN,CITROEN C5 Tourer (2010-Present),0.41955119034810684
CITROEN,CITROEN C5 Tourer (2010-Present),0.38941153539904216
CITROEN,CITROEN C5 Tourer (2010-Present),0.23410417426816993
CITROEN,CITROEN C5 Tourer (2010-Present),-0.004457559898726081
CITROEN,CITROEN DS5 (2011-Present),0.5296891491671343
CITROEN,CITROEN DS5 (2011-Present),0.4607552723965625
CITROEN,CITROEN DS5 (2011-Present),0.5375490218868805
CITROEN,CITROEN DS5 (2011-Present),0.5563296985221737
CITROEN,CITROEN DS5 (2011-Present),0.4950160945895845
CITROEN,CITROEN DS5 (2011-Present),0.48697992233580595
CITROEN,CITROEN DS5 (2011-Present),0.4499120745328852
CITROEN,CITROEN C5 X (2021-Present),0.5287184079496964
CITROEN,2013 Citroen C-Elysee,0.5429378117994265
CITROEN,2013 Citroen C-Elysee,0.5588592204516708
CITROEN,2013 Citroen C-Elysee,0.569260154936418
CITROEN,2013 Citroen C-Elysee,0.5836959608919151
CITROEN,CITROEN DS4 (2010-Present),0.5397496178557709
CITROEN,CITROEN DS4 (2010-Present),0.5213670884449955
CITROEN,CITROEN DS4 (2010-Present),0.48081683355078747
CITROEN,CITROEN DS4 (2010-Present),0.5700449964718725
CITROEN,CITROEN DS4 (2010-Present),0.5677698234447202
CITROEN,CITROEN DS4 (2010-Present),0.5686352470648494
CITROEN,CITROEN DS4 (2010-Present),0.5512615244352319
CITROEN,CITROEN DS4 (2010-Present),0.5759917930406403
CITROEN,CITROEN DS4 (2010-Present),0.522274323233293
CITROEN,CITROEN DS4 (2010-Present),0.5235126219759164
CITROEN,CITROEN DS4 (2010-Present),0.5411846795301551
CITROEN,2018 Citroen C5 Aircross,0.49704286113330115
CITROEN,2018 Citroen C5 Aircross,0.4353304553404744
CITROEN,2018 Citroen C5 Aircross,0.48353282815126936
CITROEN,2018 Citroen C5 Aircross,0.4826256655922684
CITROEN,2018 Citroen C5 Aircross,0.40024041105983155
CITROEN,CITROEN C5 Crosstourer (2014-Present),0.45721894578639655
CITROEN,CITROEN C5 Crosstourer (2014-Present),0.46636556714527017
CITROEN,CITROEN C5 Crosstourer (2014-Present),0.38227109231313644
CITROEN,CITROEN C5 Crosstourer (2014-Present),0.4113262089536765
CITROEN,CITROEN C5 Crosstourer (2014-Present),0.394145930900189
CUPRA,CUPRA Formentor (2020-Present),0.067763775718617
DACIA,2023 Dacia Jogger,0.498811933486182
DACIA,2023 Dacia Jogger,0.49389807850495143
DACIA,2023 Dacia Jogger,0.49412184081063726
DACIA,2023 Dacia Jogger,0.4944886973820366
DACIA,DACIA Logan MCV Stepway (2017-Present),0.5670190361987271
DACIA,DACIA Logan MCV Stepway (2017-Present),0.5668795301895295
DACIA,DACIA Logan MCV Stepway (2017-Present),0.5587649311573564
DACIA,DACIA Logan MCV Stepway (2017-Present),0.5606931428135781
DACIA,DACIA Lodgy (2012-Present),0.4768371407967184
DACIA,DACIA Lodgy (2012-Present),0.45433204418057455
DACIA,DACIA Lodgy (2012-Present),0.4692837666238134
DACIA,DACIA Lodgy (2012-Present),0.47193630193731445
DAIHATSU,DAIHATSU Cuore (2007-Present),0.40650585788092564
DAIHATSU,DAIHATSU Cuore (2007-Present),0.4115327779885539
DATSUN,DATSUN Mi-Do (2014-Present),0.4943230946476599
DATSUN,DATSUN Mi-Do (2014-Present),0.5176538460013422
DATSUN,DATSUN Mi-Do (2014-Present),0.5129136493179082
DATSUN,DATSUN on-Do (2014-Present),0.5112197377625237
DATSUN,DATSUN on-Do (2014-Present),0.54344036134296
DATSUN,DATSUN on-Do (2014-Present),0.5249191808693595
DODGE,DODGE Challenger SRT (2015-Present),0.3715339513577283
DODGE,DODGE Challenger SRT (2015-Present),0.37656577670364794
DODGE,DODGE Challenger SRT (2015-Present),0.3652344349862849
DODGE,DODGE Challenger SRT (2015-Present),0.36656587399011825
DS AUTOMOBILES,2018 Citroen DS 3 Crossback,0.5747300057771022
DS AUTOMOBILES,2018 Citroen DS 3 Crossback,0.566462839102064
DS AUTOMOBILES,2018 Citroen DS 3 Crossback,0.5459130047995399
DS AUTOMOBILES,2018 Citroen DS 3 Crossback,0.555025071378344
DS AUTOMOBILES,2018 Citroen DS 3 Crossback,0.567861633305511
DS AUTOMOBILES,2018 Citroen DS 3 Crossback,0.5634073963171197
DS AUTOMOBILES,DS AUTOMOBILES DS 5 (2016-Present),0.5506544429921787
DS AUTOMOBILES,DS AUTOMOBILES DS 5 (2016-Present),0.47306562568909744
DS AUTOMOBILES,DS AUTOMOBILES DS 5 (2016-Present),0.5511427132375666
DS AUTOMOBILES,DS AUTOMOBILES DS 5 (2016-Present),0.5431532565842543
DS AUTOMOBILES,DS AUTOMOBILES DS 5 (2016-Present),0.5121039314138024
DS AUTOMOBILES,DS AUTOMOBILES DS 5 (2016-Present),0.47103648363135525
DS AUTOMOBILES,DS AUTOMOBILES DS 5 (2016-Present),0.48087705831680794
DS AUTOMOBILES,DS AUTOMOBILES DS 4 (2021-Present),0.5096507131798697
DS AUTOMOBILES,DS AUTOMOBILES DS 4 (2021-Present),0.47298535628877614
DS AUTOMOBILES,DS AUTOMOBILES DS 4 (2021-Present),0.5848689714042162
FIAT,Fiat 500C Abarth,0.4152765498561538
FIAT,FIAT 500 X (2018-Present),0.49065808250642057
FIAT,FIAT 500 X (2018-Present),0.4639177319204131
FIAT,FIAT 500 X (2018-Present),0.48367558101926306
FIAT,FIAT 500 X (2018-Present),0.4870623036829742
FIAT,FIAT 500 X (2018-Present),0.4717116985107317
FIAT,FIAT 500 X (2018-Present),0.4717116985107317
FIAT,FIAT Doblo (2015-Present),0.38498840267815093
FIAT,FIAT Doblo (2015-Present),0.38866256199873367
FIAT,FIAT Doblo (2015-Present),0.39094331434410645
FIAT,FIAT Doblo (2015-Present),0.39091265655815477
FIAT,FIAT Doblo (2015-Present),0.3909298285905048
FIAT,FIAT Doblo (2015-Present),0.3645815937143911
FIAT,FIAT Doblo (2015-Present),0.37091492145772337
FIAT,FIAT Panda (2011-Present),0.464726159760353
FIAT,FIAT Panda (2011-Present),0.4569223529343839
FIAT,FIAT Panda (2011-Present),0.46250887862136075
FIAT,FIAT Tipo 5 Doors (2016-Present),0.4929945811174477
FIAT,FIAT Tipo 5 Doors (2016-Present),0.4788280723948941
FIAT,FIAT 124 Spider (2016-Present),0.4094829855118936
FIAT,FIAT 124 Spider (2016-Present),0.39850214566334147
FIAT,2013 Fiat 500L Trekking,0.5581888549010329
FIAT,2013 Fiat 500L Trekking,0.5129744860063864
FIAT,2013 Fiat 500L Trekking,0.5420194679574971
FIAT,2013 Fiat 500L Trekking,0.5531371956158837
FIAT,2013 Fiat 500L Trekking,0.5594663974206987
FIAT,2013 Fiat 500L Trekking,0.5594663974206987
FIAT,2013 Fiat 500L Trekking,0.5545744881560691
FIAT,2013 Fiat 500L Trekking,0.5216323362800804
FIAT,2014 Fiat Panda Cross,0.46580496337508787
FIAT,2014 Fiat Panda Cross,0.4577665561448668
FIAT,FIAT 500L (2017-Present),0.5685704175343799
FIAT,FIAT 500L (2017-Present),0.534906437565509
FIAT,FIAT 500L (2017-Present),0.549643690008
FIAT,FIAT 500L (2017-Present),0.5781160489923406
FIAT,FIAT 500L (2017-Present),0.5597211030395886
FIAT,FIAT Tipo / Egea (2015-Present),0.5776841172775683
FIAT,FIAT Tipo / Egea (2015-Present),0.5755929730726024
FIAT,FIAT Tipo / Egea (2015-Present),0.5808455547025861
FIAT,FIAT Tipo Station Wagon (2016-Present),0.5889030410366534
FIAT,FIAT Tipo Station Wagon (2016-Present),0.5624630708786504
FIAT,FIAT Tipo Station Wagon (2016-Present),0.5522971045577884
FIAT,FIAT Tipo Station Wagon (2016-Present),0.5349705446621867
FIAT,FIAT 500L Living (2013-Present),0.5411410340430722
FIAT,FIAT 500L Living (2013-Present),0.5283268155632119
FIAT,FIAT 500L Living (2013-Present),0.5297289171860238
FIAT,FIAT 500L Living (2013-Present),0.5332659784441447
FORD,FORD Focus Active Wagon (2021-Present),0.1960780368974241
FORD,FORD Focus Active Wagon (2021-Present),0.19506400445989455
FORD,FORD Focus ST (2021-Present),0.23881281851376115
FORD,FORD Focus ST (2021-Present),0.23624245538963637
FORD,FORD Focus (2021-Present),0.5868080716756559
FORD,FORD Focus (2021-Present),0.5891372109516205
FORD,FORD Mustang Shelby GT350 (2015-Present),0.31126668869427593
FORD,FORD Kuga (2019-Present),0.36288056587342354
FORD,FORD Kuga (2019-Present),0.40461785619031193
FORD,FORD Kuga (2019-Present),0.3869920717190843
FORD,FORD Kuga (2019-Present),0.4108877033778573
FORD,FORD Kuga (2019-Present),0.4127147503093057
FORD,FORD Kuga (2019-Present),0.34417211605141895
FORD,FORD Kuga (2019-Present),0.3234341303076237
FORD,FORD Kuga (2019-Present),0.3459905954117275
FORD,FORD Kuga (2019-Present),0.3139748469489852
FORD,FORD Fusion (2018-Present),0.2474167453144558
FORD,FORD Fusion (2018-Present),0.3108844370415472
FORD,FORD EcoSport (2017-Present),0.5085699078388153
FORD,FORD EcoSport (2017-Present),0.5502994982871117
FORD,FORD EcoSport (2017-Present),0.5500667934570187
FORD,FORD EcoSport (2017-Present),0.5536463279378597
FORD,FORD EcoSport (2017-Present),0.5423681209762334
FORD,FORD EcoSport (2017-Present),0.5267588144475738
FORD,FORD Fiesta 3 doors (2017-Present),0.5496523869102798
FORD,FORD Fiesta 3 doors (2017-Present),0.5486907361960807
FORD,FORD Fiesta 3 doors (2017-Present),0.5450173076259786
FORD,FORD Fiesta 3 doors (2017-Present),0.5370067182687072
FORD,FORD Fiesta 3 doors (2017-Present),0.5208891923522087
FORD,FORD Fiesta 3 doors (2017-Present),0.5339223665734584
FORD,FORD Fiesta 3 doors (2017-Present),0.5203758794637238
FORD,FORD Fiesta 3 doors (2017-Present),0.53321623514866
FORD,FORD Fiesta 3 doors (2017-Present),0.5274840685724145
FORD,FORD Fiesta 3 doors (2017-Present),0.5174211229237862
FORD,FORD Fiesta 3 doors (2017-Present),0.5236032134110941
FORD,FORD Puma (2019-Present),0.5763656306390472
FORD,FORD Puma (2019-Present),0.5809247054034985
FORD,FORD Puma (2019-Present),0.5618033085688847
FORD,FORD Puma (2019-Present),0.5737474266320732
FORD,FORD Puma (2019-Present),0.5668682941783679
FORD,2021 Ford Puma ST,0.4861886769635572
FORD,2021 Ford Puma ST,0.5054932090281752
GENESIS,GENESIS G70 (2021-Present),0.1966947598378184
GENESIS,GENESIS G70 (2021-Present),0.34785880314390555
GENESIS,GENESIS G70 (2021-Present),0.22213368180720397
GENESIS,GENESIS G70 Shooting Brake (2021-Present),0.35604942686337554
GENESIS,GENESIS G70 Shooting Brake (2021-Present),0.217214078590868
GENESIS,GENESIS G70 Shooting Brake (2021-Present),0.21767033050168302
GENESIS,GENESIS G70 Shooting Brake (2021-Present),0.2494870295904476
GENESIS,GENESIS G70 Shooting Brake (2021-Present),0.26261196757665256
HOLDEN,HOLDEN Cruze (2008-Present),0.5624839825393699
HOLDEN,HOLDEN Cruze (2008-Present),0.565729307222365
HOLDEN,HOLDEN Cruze (2008-Present),0.5575146467785902
HOLDEN,HOLDEN Cruze (2008-Present),0.5414483701351779
HOLDEN,HOLDEN Cruze (2008-Present),0.5310645029006862
HOLDEN,HOLDEN Cruze (2008-Present),0.5360970333598992
HONDA,HONDA HR-V (2022-Present),0.5498727764212393
HONDA,2023 Honda Civic eHEV,-0.10913262425961982
HONDA,2016 Honda NSX,0.22440910431507247
HYUNDAI,2019 Hyundai i10,0.45698953557370026
HYUNDAI,HYUNDAI i30 (2012-Present),0.5723026301927487
HYUNDAI,HYUNDAI i30 (2012-Present),0.5742947506780296
HYUNDAI,HYUNDAI i30 (2012-Present),0.5826866415788541
HYUNDAI,HYUNDAI i30 (2012-Present),0.5879649044020993
HYUNDAI,HYUNDAI i30 (2012-Present),0.5792090915380781
HYUNDAI,HYUNDAI i30 (2012-Present),0.5668569162656242
HYUNDAI,HYUNDAI i30 (2012-Present),0.5789449925422107
HYUNDAI,HYUNDAI i30 (2012-Present),0.5879823361705411
HYUNDAI,HYUNDAI i30 (2012-Present),0.5809401017126387
HYUNDAI,HYUNDAI i30 (2012-Present),0.585843521364605
HYUNDAI,HYUNDAI i30 (2012-Present),0.5694754946349828
HYUNDAI,HYUNDAI Ioniq (2019-Present),0.5488119880667548
HYUNDAI,HYUNDAI i40 Wagon (2018-Present),0.481057060646363
HYUNDAI,HYUNDAI i40 Wagon (2018-Present),0.48628717642789865
HYUNDAI,HYUNDAI i40 Wagon (2018-Present),0.47001006789347954
HYUNDAI,HYUNDAI i30 Coupe (2012-Present),0.5731146481697512
HYUNDAI,HYUNDAI i30 Coupe (2012-Present),0.5798528800830188
HYUNDAI,HYUNDAI i30 Coupe (2012-Present),0.5778544401248022
HYUNDAI,HYUNDAI i30 Coupe (2012-Present),0.5837071997502614
HYUNDAI,HYUNDAI i30 Coupe (2012-Present),0.5662540903522102
HYUNDAI,HYUNDAI i30 Coupe (2012-Present),0.5881286633450744
HYUNDAI,HYUNDAI i30 Coupe (2012-Present),0.58510904452605
HYUNDAI,HYUNDAI i30 Coupe (2012-Present),0.5731420683087062
JAGUAR,JAGUAR F-Type Coupe (2020-Present),-0.13919203332495875
JAGUAR,JAGUAR F-Type Coupe (2020-Present),0.12758440862113618
JAGUAR,JAGUAR F-Type Coupe (2020-Present),-0.04839846474183598
JAGUAR,JAGUAR F-Type Coupe (2020-Present),0.28236877238845054
JAGUAR,JAGUAR F-Type Coupe (2020-Present),0.2895853587165029
JAGUAR,JAGUAR F-Type Coupe (2020-Present),0.32337375789201256
JAGUAR,JAGUAR F-Pace (2020-Present),-0.07111911474788292
JAGUAR,JAGUAR F-Pace (2020-Present),-0.024145061212208437
JAGUAR,JAGUAR F-Pace (2020-Present),0.20507655101590344
JAGUAR,JAGUAR F-Pace (2020-Present),0.12154741057439677
JAGUAR,JAGUAR F-Pace (2020-Present),0.22584031367259552
JAGUAR,JAGUAR F-Type Convertible (2020-Present),-0.13142466529967725
JAGUAR,JAGUAR F-Type Convertible (2020-Present),0.12344689406782028
JAGUAR,JAGUAR F-Type Convertible (2020-Present),0.13355122555411714
JAGUAR,JAGUAR F-Type Convertible (2020-Present),0.26701719654952355
JAGUAR,JAGUAR F-Type Convertible (2020-Present),0.2768806624511455
JAGUAR,JAGUAR F-Type Convertible (2020-Present),0.31190820412131126
JAGUAR,JAGUAR XE (2019-Present),0.10920290235398016
JAGUAR,JAGUAR XE (2019-Present),0.20694179752849517
JAGUAR,JAGUAR XE (2019-Present),0.17468006515610918
JAGUAR,JAGUAR XE (2019-Present),0.1667391117326308
JAGUAR,JAGUAR XE (2019-Present),0.23071580174574927
JAGUAR,JAGUAR XE (2019-Present),0.26666455074859585
JAGUAR,JAGUAR XF (2015-Present),0.22429943119776768
JAGUAR,JAGUAR XF (2015-Present),0.12474287269239
JAGUAR,JAGUAR XF (2015-Present),-0.005946932098088382
JAGUAR,JAGUAR XF (2015-Present),0.21300629471536214
JAGUAR,JAGUAR XF (2015-Present),0.3331858698126715
JAGUAR,JAGUAR XF (2015-Present),0.2817613774541022
JAGUAR,JAGUAR XF (2015-Present),0.3331638716451623
JAGUAR,JAGUAR XF (2015-Present),0.2823822199674392
JAGUAR,JAGUAR XF (2015-Present),0.07562035368383258
JAGUAR,JAGUAR XF (2015-Present),0.05574395737238386
JAGUAR,JAGUAR XF (2015-Present),0.1995741374715931
JAGUAR,2017 Jaguar E-Pace,0.2722749970828892
JAGUAR,2017 Jaguar E-Pace,0.17711120271363417
JAGUAR,2017 Jaguar E-Pace,0.06900232074111508
JAGUAR,2017 Jaguar E-Pace,0.4161001676833104
JAGUAR,2017 Jaguar E-Pace,0.4087627503431971
JAGUAR,2017 Jaguar E-Pace,0.40163318032559736
JAGUAR,2017 Jaguar E-Pace,0.36850276682641075
JAGUAR,2017 Jaguar E-Pace,0.3570649221324401
JAGUAR,2017 Jaguar E-Pace,0.20995457227627592
JEEP,JEEP Cherokee (2018-Present),0.1798949172454502
JEEP,JEEP Cherokee (2018-Present),0.17884059644184003
KIA,2021 Kia Picanto,0.4366037444210919
KIA,2021 Kia Picanto,0.4522288400366968
KIA,2021 Kia Picanto,0.4588130278330945
KIA,2021 Kia Picanto,0.4475212828685448
KIA,2021 Kia Picanto,0.4594846727914047
KIA,KIA Sorento (US) (2018-Present),0.29132023676841373
KIA,2019 Kia ProCeed,0.5494100095402948
KIA,2019 Kia ProCeed,0.5543492009916959
KIA,2019 Kia ProCeed,0.5579628482688557
KIA,2019 Kia ProCeed,0.5530132266902094
KIA,KIA Optima Sportswagon (2018-Present),0.4210698680773666
KIA,KIA Optima Sportswagon (2018-Present),0.41593945809452104
KIA,KIA Optima Sportswagon (2018-Present),0.4047661766542696
KIA,KIA Optima Sportswagon (2018-Present),0.19528484295400778
KIA,KIA Optima Sportswagon (2018-Present),0.4541355288223372
KIA,KIA Optima Sportswagon (2018-Present),0.45293570387901183
KIA,KIA cee'd (2015-Present),0.5812883371372193
KIA,KIA cee'd (2015-Present),0.5903412106405702
KIA,KIA cee'd (2015-Present),0.5863541788599463
KIA,KIA cee'd (2015-Present),0.48938951409511144
KIA,KIA cee'd (2015-Present),0.5597564122994041
KIA,KIA cee'd (2015-Present),0.5756551090747923
KIA,2012 Kia cee'd,0.5767942522392563
KIA,2012 Kia cee'd,0.5788035787120313
KIA,2012 Kia cee'd,0.5862406816678776
KIA,2012 Kia cee'd,0.5830029527611353
KIA,2012 Kia cee'd,0.5696316089771
KIA,2012 Kia cee'd,0.5682581317439106
KIA,2012 Kia cee'd,0.5883063620603941
KIA,2012 Kia cee'd,0.5898756348623483
KIA,2012 Kia cee'd,0.5754363292552758
KIA,2012 Kia cee'd Sportswagon,0.560827825388256
KIA,2012 Kia cee'd Sportswagon,0.5640224096050429
KIA,2012 Kia cee'd Sportswagon,0.5798087316021578
KIA,2012 Kia cee'd Sportswagon,0.5774050144896417
KIA,2012 Kia cee'd Sportswagon,0.5838773542614578
KIA,2012 Kia cee'd Sportswagon,0.5627710061634438
KIA,2012 Kia cee'd Sportswagon,0.5609482559449696
KIA,2012 Kia cee'd Sportswagon,0.580392705611002
KIA,2012 Kia cee'd Sportswagon,0.5893888813077783
KIA,2012 Kia cee'd Sportswagon,0.588094296416329
KIA,KIA Borrego (2009-Present),0.0921452491934272
KIA,KIA Borrego (2009-Present),0.09962075008649973
KIA,KIA Borrego (2009-Present),0.25749742876644066
KIA,KIA Borrego (2009-Present),0.24641101902314355
KIA,KIA Stonic (2017-Present),0.5786678780377049
KIA,KIA Stonic (2017-Present),0.5597604554238397
KIA,KIA Stonic (2017-Present),0.5686619782311996
KIA,KIA Stonic (2017-Present),0.5732982099071634
KIA,KIA Stonic (2017-Present),0.5630702645553359
KIA,KIA Stonic (2017-Present),0.5754115702062284
LAMBORGHINI,2023 Lamborghini Urus S,0.4193651659947044
LAMBORGHINI,LAMBORGHINI Urus (2018-Present),0.421098359322898
LANCIA,LANCIA Ypsilon (846) (2021-Present),0.4846210959563937
LANCIA,LANCIA Ypsilon (846) (2021-Present),0.47714836909709096
LANCIA,LANCIA Ypsilon (846) (2021-Present),0.48459421378890455
LANCIA,LANCIA Ypsilon (846) (2021-Present),0.48198922447080733
LANCIA,LANCIA Ypsilon (846) (2021-Present),0.4510208509101963
LAND ROVER,2018 Land Rover Range Rover Velar,0.10889297445758615
LAND ROVER,2018 Land Rover Range Rover Velar,0.22925049677236622
LAND ROVER,2018 Land Rover Range Rover Velar,-0.018966067742220743
LAND ROVER,2018 Land Rover Range Rover Velar,0.21598206199720762
LAND ROVER,2018 Land Rover Range Rover Velar,0.08915012528640871
LAND ROVER,2018 Land Rover Range Rover Velar,0.22765739706433338
LAND ROVER,2018 Land Rover Range Rover Velar,0.14370220715422613
LAND ROVER,2018 Land Rover Range Rover Velar,0.22781369032255003
LAND ROVER,2018 Land Rover Range Rover Velar,0.32375490135195434
LAND ROVER,2018 Land Rover Range Rover Velar,-0.02686074074567714
LAND ROVER,LAND ROVER Range Rover SWB (2021-Present),0.38293225452172674
LAND ROVER,LAND ROVER Range Rover SWB (2021-Present),0.2132756442042965
LAND ROVER,LAND ROVER Range Rover SWB (2021-Present),0.2695604545747221
LAND ROVER,LAND ROVER Range Rover SWB (2021-Present),0.311752120252086
LAND ROVER,LAND ROVER Range Rover SWB (2021-Present),0.31996403044355115
LAND ROVER,LAND ROVER Range Rover LWB (2021-Present),0.33645423765749977
LAND ROVER,LAND ROVER Range Rover LWB (2021-Present),0.2734521133019824
LAND ROVER,LAND ROVER Range Rover LWB (2021-Present),0.28224749427545354
LAND ROVER,2019 Land Rover Defender 90,0.2439831460982018
LAND ROVER,LAND ROVER Discovery Sport (2019-Present),0.13822809834161362
LAND ROVER,2020 Land Rover Defender 110,0.10882551423118167
LAND ROVER,2020 Land Rover Defender 110,0.2893209410907104
LAND ROVER,2020 Land Rover Defender 110,0.03490270547227556
LAND ROVER,2020 Land Rover Defender 110,0.07652926561179638
LAND ROVER,2020 Land Rover Defender 110,0.258070149446506
LAND ROVER,2020 Land Rover Defender 110,0.24194091762495074
LAND ROVER,2020 Land Rover Defender 110,0.1754808933778256
LAND ROVER,2020 Land Rover Defender 110,0.21906598416570275
LAND ROVER,LAND ROVER Discovery - LR4 (2013-Present),0.1513390596079532
LAND ROVER,LAND ROVER Discovery - LR4 (2013-Present),0.13524528373015562
LAND ROVER,LAND ROVER Range Rover Evoque Convertible (2016-Present),0.3248363854857277
LAND ROVER,LAND ROVER Range Rover Evoque Convertible (2016-Present),0.4246012436824251
LAND ROVER,LAND ROVER Range Rover Evoque Convertible (2016-Present),0.3840160074615371
LAND ROVER,LAND ROVER Defender 130 (2022-Present),0.19058224576765184
LAND ROVER,LAND ROVER Defender 130 (2022-Present),0.22673918541047133
LAND ROVER,LAND ROVER Defender 130 (2022-Present),0.22752760095572788
LAND ROVER,LAND ROVER Defender 130 (2022-Present),0.24540123384983062
LAND ROVER,LAND ROVER Defender 130 (2022-Present),0.24567561173056984
LEXUS,2022 Lexus ES,0.28995043169134693
LEXUS,2022 Lexus ES,-0.014372899759738012
LEXUS,2022 Lexus ES,0.3981151848046321
LEXUS,2014 Lexus IS,0.32658376729948696
LEXUS,2014 Lexus IS,0.31039837165328393
LEXUS,2014 Lexus IS,0.36264874354992305
LEXUS,2014 Lexus IS,-0.018094920032192444
LEXUS,2014 Lexus IS,0.015469405987486187
LEXUS,2014 Lexus IS,0.43102722590667714
LEXUS,LEXUS LS (2020-Present),0.34981992704093423
LEXUS,LEXUS LS (2020-Present),0.34663866767379625
LEXUS,LEXUS RC (2018-Present),0.38742270059059936
LINCOLN,LINCOLN Continental (2016-Present),0.26082302019869164
LINCOLN,LINCOLN Continental (2016-Present),0.26174859105042564
LINCOLN,LINCOLN Continental (2016-Present),0.3245076087306926
LINCOLN,LINCOLN Continental (2016-Present),0.24551148023653413
LINCOLN,LINCOLN Continental (2016-Present),0.23879521368339007
LOTUS,LOTUS Evora (2008-Present),-0.019523382418521917
LOTUS,LOTUS Evora (2008-Present),-0.02363900761979343
LOTUS,LOTUS Evora (2008-Present),0.051455552696792896
LOTUS,LOTUS Evora (2008-Present),0.07396929705239012
MASERATI,MASERATI Ghibli (2020-Present),0.19009582018295412
MASERATI,2016 Maserati Levante,0.33236972314779323
MASERATI,2016 Maserati Levante,0.3865197924506494
MASERATI,2016 Maserati Levante,0.2829196549943809
MASERATI,MASERATI GranTurismo (2007-Present),0.30438753502135646
MASERATI,MASERATI Quattroporte VI (2016-Present),0.35058828390635155
MASERATI,MASERATI Quattroporte VI (2016-Present),0.3572287837780082
MASERATI,MASERATI Quattroporte VI (2016-Present),0.39339091245661306
MASERATI,MASERATI Quattroporte VI (2016-Present),0.259608609281186
MASERATI,2023 Maserati Grecale GT,-0.06158509890910065
MASERATI,2021 Maserati MC20,0.2441600186266822
MASERATI,2023 Maserati Grecale Trofeo,0.3450386316041388
MAZDA,2020 Mazda 2,0.5330212520536435
MAZDA,2020 Mazda 2,0.5348858518240929
MAZDA,2020 Mazda 2,0.5347383340777572
MAZDA,MAZDA 3 / Axela Sedan (2018-Present),0.56317564405304
MAZDA,MAZDA 3 / Axela Sedan (2018-Present),0.5647447950977992
MAZDA,MAZDA 3 / Axela Sedan (2018-Present),0.5670451238967874
MAZDA,MAZDA 6 / Atenza Sedan (2018-Present),0.46547908539629673
MAZDA,MAZDA 6 / Atenza Sedan (2018-Present),0.4691372759581822
MAZDA,MAZDA 6 / Atenza Sedan (2018-Present),0.44696164359036944
MAZDA,MAZDA 6 / Atenza Sedan (2018-Present),0.38559271734575895
MAZDA,MAZDA 6 / Atenza Sedan (2018-Present),0.43460490132886465
MAZDA,MAZDA 6 / Atenza Sedan (2018-Present),0.3586228035173698
MAZDA,2019 Mazda 3/Axela Hatchback,0.5741769139479551
MAZDA,2019 Mazda 3/Axela Hatchback,0.5757271545258433
MAZDA,2019 Mazda 3/Axela Hatchback,0.5730245554651783
MAZDA,MAZDA CX-5 (2016-Present),0.5158829371424901
MAZDA,MAZDA CX-5 (2016-Present),0.03927727309982942
MAZDA,MAZDA CX-5 (2016-Present),0.44541778199062537
MAZDA,MAZDA CX-5 (2016-Present),0.43468872273668624
MAZDA,MAZDA CX-5 (2016-Present),0.426196210658226
MAZDA,MAZDA CX-5 (2016-Present),0.4760288425441771
MAZDA,MAZDA CX-5 (2012-Present),0.5088624537896173
MAZDA,MAZDA CX-5 (2012-Present),0.5160996846194518
MAZDA,MAZDA CX-5 (2012-Present),0.5175175778767541
MAZDA,MAZDA CX-5 (2012-Present),0.48017013851975726
MAZDA,MAZDA CX-5 (2012-Present),0.44648280785448713
MAZDA,MAZDA CX-5 (2012-Present),0.4772745919641603
MAZDA,MAZDA CX-5 (2012-Present),0.44038854987956116
MAZDA,MAZDA CX-5 (2012-Present),0.48624929681613616
MAZDA,MAZDA CX-5 (2012-Present),0.4824563379470385
MAZDA,MAZDA 6 / Atenza Wagon (2015-Present),0.5024526302379769
MAZDA,MAZDA 6 / Atenza Wagon (2015-Present),0.5089092705178819
MAZDA,MAZDA 6 / Atenza Wagon (2015-Present),0.4871338055291734
MAZDA,MAZDA 6 / Atenza Wagon (2015-Present),0.39905518549498176
MAZDA,MAZDA 6 / Atenza Wagon (2015-Present),0.4696870002372653
MAZDA,MAZDA 6 / Atenza Wagon (2015-Present),0.4171130682224339
MAZDA,MAZDA 6 / Atenza Wagon (2015-Present),0.42043533142054706
MAZDA,MAZDA 6 / Atenza Wagon (2015-Present),0.4571749439717223
MAZDA,MAZDA 6 / Atenza Wagon (2015-Present),0.4019359674769694
MAZDA,MAZDA 6 / Atenza Wagon (2015-Present),0.459836346961266
MAZDA,MAZDA MX-5 / Miata RF (2016-Present),0.4230141708164595
MAZDA,MAZDA MX-5 / Miata RF (2016-Present),0.4075748305172115
MAZDA,MAZDA MX-5 / Miata RF (2016-Present),0.38664702058427447
MAZDA,2015 Mazda MX-5/Miata (ND),0.42022002964227434
MAZDA,2015 Mazda MX-5/Miata (ND),0.38181561263400443
MAZDA,2015 Mazda MX-5/Miata (ND),0.38166549474332334
MAZDA,2015 Mazda MX-5/Miata (ND),0.38438265826175055
MAZDA,MAZDA MX-5 / Miata Roadster Coupe (2012-Present),0.43344687199722004
MAZDA,MAZDA MX-5 / Miata Roadster Coupe (2012-Present),0.412624499470369
MAZDA,MAZDA MX-5 / Miata Roadster Coupe (2012-Present),0.39568631550154704
MAZDA,MAZDA 5 / Premacy (2010-Present),0.4587072533872023
MAZDA,MAZDA 5 / Premacy (2010-Present),0.4318068380704566
MAZDA,MAZDA 5 / Premacy (2010-Present),0.44942463780909836
MAZDA,MAZDA 5 / Premacy (2010-Present),0.4709905986084104
MAZDA,MAZDA CX-30 (2019-Present),0.5739696222443624
MAZDA,MAZDA CX-30 (2019-Present),0.5923499401699289
MAZDA,MAZDA CX-30 (2019-Present),0.5476612563229127
MAZDA,MAZDA CX-30 (2019-Present),0.5538905772802539
MAZDA,MAZDA CX-30 (2019-Present),0.5937732130626493
MCLAREN,MCLAREN GT (2019-Present),0.2907535550722641
MERCEDES BENZ,2020 Mercedes-Benz GLC Coupe,0.3622811271296022
MERCEDES BENZ,2020 Mercedes-Benz GLC Coupe,0.21669262469558204
MERCEDES BENZ,2020 Mercedes-Benz GLC Coupe,0.41563994898519835
MERCEDES BENZ,2020 Mercedes-Benz GLC Coupe,0.3426075539631072
MERCEDES BENZ,2020 Mercedes-Benz GLC Coupe,0.20261823906849483
MERCEDES BENZ,2020 Mercedes-Benz GLE,0.28821878689194125
MERCEDES BENZ,2020 Mercedes-Benz GLE,0.37986062226191986
MERCEDES BENZ,2020 Mercedes-Benz GLE,0.12126092935239309
MERCEDES BENZ,2020 Mercedes-Benz GLE,0.2548126386737446
MERCEDES BENZ,2020 Mercedes-Benz GLE,0.09506440153786526
MERCEDES BENZ,2019 Mercedes-Benz CLA Shooting Brake,0.4785064019521746
MERCEDES BENZ,2019 Mercedes-Benz CLA Shooting Brake,0.472553612867211
MERCEDES BENZ,2019 Mercedes-Benz CLA Shooting Brake,0.45116134731606516
MERCEDES BENZ,2019 Mercedes-Benz CLA Shooting Brake,0.4485174716517555
MERCEDES BENZ,2019 Mercedes-Benz CLA Shooting Brake,0.351032497418315
MERCEDES BENZ,2019 Mercedes-Benz CLA Shooting Brake,0.2763240449066869
MERCEDES BENZ,2019 Mercedes-Benz CLA Shooting Brake,0.28886469197417164
MERCEDES BENZ,2019 Mercedes-Benz CLA Shooting Brake,0.4861681321116088
MERCEDES BENZ,2019 Mercedes-Benz CLA Shooting Brake,0.4405252225932711
MERCEDES BENZ,2019 Mercedes-Benz CLA Shooting Brake,0.42536082702998734
MERCEDES BENZ,2019 Mercedes-Benz CLA Shooting Brake,0.3331089828558731
MERCEDES BENZ,2019 Mercedes-Benz CLA Shooting Brake,0.341959000631231
MERCEDES BENZ,2020 Mercedes-Benz GLS,0.2736953963184149
MERCEDES BENZ,2020 Mercedes-Benz GLS,0.3135147730460641
MERCEDES BENZ,2020 Mercedes-Benz GLB,0.44808630475799555
MERCEDES BENZ,2020 Mercedes-Benz GLB,0.36767911567097566
MERCEDES BENZ,2020 Mercedes-Benz GLB,0.46032318956123347
MERCEDES BENZ,2024 Mercedes-Benz E-Class Estate,0.1764724074614045
MERCEDES BENZ,2024 Mercedes-Benz E-Class Estate,0.1461935070737598
MERCEDES BENZ,2021 Mercedes-Benz GLA,0.38335909698610765
MERCEDES BENZ,2021 Mercedes-Benz GLA,0.3999053479507529
MERCEDES BENZ,2021 Mercedes-Benz GLA,0.5251940130720845
MERCEDES BENZ,2021 Mercedes-Benz GLA,0.5264586654463668
MERCEDES BENZ,2021 Mercedes-Benz GLA,0.4509202628480331
MERCEDES BENZ,2021 Mercedes-Benz GLA,0.46425633464591193
MERCEDES BENZ,2019 Mercedes-Benz CLA Coupe,0.4785348479820408
MERCEDES BENZ,2019 Mercedes-Benz CLA Coupe,0.4716928297834432
MERCEDES BENZ,2019 Mercedes-Benz CLA Coupe,0.4422446741436086
MERCEDES BENZ,2019 Mercedes-Benz CLA Coupe,0.43876709563679883
MERCEDES BENZ,2019 Mercedes-Benz CLA Coupe,0.34246928073544486
MERCEDES BENZ,2019 Mercedes-Benz CLA Coupe,0.35057848956513954
MERCEDES BENZ,2019 Mercedes-Benz CLA Coupe,0.2664014226283121
MERCEDES BENZ,2019 Mercedes-Benz CLA Coupe,0.2797877153750992
MERCEDES BENZ,2019 Mercedes-Benz CLA Coupe,0.482121313993524
MERCEDES BENZ,2019 Mercedes-Benz CLA Coupe,0.33574747864321425
MERCEDES BENZ,MERCEDES BENZ GLC (X254) (2022-Present),0.2560843923292723
MERCEDES BENZ,MERCEDES BENZ S-Class Maybach (X223) (2020-Present),0.3609955662485906
MERCEDES BENZ,MERCEDES BENZ S-Class Maybach (X223) (2020-Present),0.3666205031124002
MERCEDES BENZ,MERCEDES BENZ V-Class (2019-Present),0.0011521890616234952
MERCEDES BENZ,MERCEDES BENZ V-Class (2019-Present),-0.0045053638005322205
MERCEDES BENZ,MERCEDES BENZ SL 63 AMG (R231) (2016-Present),0.3104658035069853
MERCEDES BENZ,MERCEDES BENZ E-Class T-Modell (S213) (2016-Present),0.30827526661221816
MERCEDES BENZ,MERCEDES BENZ E-Class T-Modell (S213) (2016-Present),0.23550602851457061
MERCEDES BENZ,MERCEDES BENZ E-Class T-Modell (S213) (2016-Present),0.16384651289781108
MERCEDES BENZ,MERCEDES BENZ E-Class T-Modell (S213) (2016-Present),0.3552254647406365
MERCEDES BENZ,MERCEDES BENZ E-Class T-Modell (S213) (2016-Present),0.27761006664611565
MERCEDES BENZ,MERCEDES BENZ E-Class T-Modell (S213) (2016-Present),0.08470670575504463
MERCEDES BENZ,MERCEDES BENZ E-Class Coupe (C238) (2016-Present),0.28260623304555804
MERCEDES BENZ,MERCEDES BENZ E-Class Coupe (C238) (2016-Present),0.2889192815762668
MERCEDES BENZ,MERCEDES BENZ E-Class Coupe (C238) (2016-Present),0.15531253975133852
MERCEDES BENZ,MERCEDES BENZ E-Class Coupe (C238) (2016-Present),0.1897493812999788
MERCEDES BENZ,MERCEDES BENZ E-Class Coupe (C238) (2016-Present),0.24712358475239263
MERCEDES BENZ,MERCEDES BENZ E-Class Coupe (C238) (2016-Present),0.26656119575488535
MERCEDES BENZ,MERCEDES BENZ E-Class Coupe (C238) (2016-Present),0.15903176404481664
MERCEDES BENZ,MERCEDES BENZ GLK-Klasse (X204) (2008-Present),0.29181916602477753
MERCEDES BENZ,MERCEDES BENZ GLK-Klasse (X204) (2008-Present),0.29416691675508544
MERCEDES BENZ,MERCEDES BENZ GLK-Klasse (X204) (2008-Present),0.017885788539320543
MERCEDES BENZ,MERCEDES BENZ GLK-Klasse (X204) (2008-Present),0.44110230991122995
MERCEDES BENZ,MERCEDES BENZ GLK-Klasse (X204) (2008-Present),0.43620122706727343
MERCEDES BENZ,MERCEDES BENZ GLK-Klasse (X204) (2008-Present),0.3593473294671276
MERCEDES BENZ,MERCEDES BENZ GLK-Klasse (X204) (2008-Present),0.3593473294671276
MERCEDES BENZ,MERCEDES BENZ GLK-Klasse (X204) (2008-Present),0.3700039051689728
MERCEDES BENZ,MERCEDES BENZ GLK-Klasse (X204) (2008-Present),0.44110230991122995
MERCEDES BENZ,MERCEDES BENZ GLK-Klasse (X204) (2008-Present),0.3894690679447576
MERCEDES BENZ,MERCEDES BENZ GLK-Klasse (X204) (2008-Present),0.4351242916934724
MERCEDES BENZ,MERCEDES BENZ GLK-Klasse (X204) (2008-Present),0.38637349263736503
MERCEDES BENZ,MERCEDES BENZ GLK-Klasse (X204) (2008-Present),0.3457061397669934
MERCEDES BENZ,MERCEDES BENZ GLK-Klasse (X204) (2008-Present),0.27728799393782805
MERCEDES BENZ,MERCEDES BENZ GLK-Klasse (X204) (2008-Present),0.15086903599586363
MERCEDES BENZ,MERCEDES BENZ GLK-Klasse (X204) (2008-Present),-0.012359181428345398
MERCEDES BENZ,2014 Mercedes-Benz CLS63 AMG,0.3693882286753568
MERCEDES BENZ,2014 Mercedes-Benz CLS63 AMG,0.37627026446300177
MERCEDES BENZ,2014 Mercedes-Benz CLS63 AMG,0.3778904152529839
MERCEDES BENZ,MERCEDES BENZ C-Class Coupe (C205) (2016-Present),0.447409340335222
MERCEDES BENZ,MERCEDES BENZ C-Class Coupe (C205) (2016-Present),0.45042197888096325
MERCEDES BENZ,MERCEDES BENZ C-Class Coupe (C205) (2016-Present),0.37124041687409237
MERCEDES BENZ,MERCEDES BENZ C-Class Coupe (C205) (2016-Present),0.36347297153707914
MERCEDES BENZ,MERCEDES BENZ C-Class Coupe (C205) (2016-Present),0.3504117756257513
MERCEDES BENZ,MERCEDES BENZ C-Class Coupe (C205) (2016-Present),0.2861374854520657
MERCEDES BENZ,MERCEDES BENZ C-Class Coupe (C205) (2016-Present),0.21350316392444157
MERCEDES BENZ,MERCEDES BENZ C-Class Coupe (C205) (2016-Present),0.10565221738870947
MERCEDES BENZ,MERCEDES BENZ C-Class Coupe (C205) (2016-Present),0.34811052783148333
MERCEDES BENZ,MERCEDES BENZ C-Class Coupe (C205) (2016-Present),0.3407207129879231
MERCEDES BENZ,MERCEDES BENZ C-Class Coupe (C205) (2016-Present),0.33355331094565943
MERCEDES BENZ,MERCEDES BENZ C-Class Coupe (C205) (2016-Present),0.22556522372367843
MERCEDES BENZ,MERCEDES BENZ C-Class Coupe (C205) (2016-Present),0.2250815525379058
MERCEDES BENZ,MERCEDES BENZ A-Class Sedan (V177) (2018-Present),0.5635776936974466
MERCEDES BENZ,MERCEDES BENZ A-Class Sedan (V177) (2018-Present),0.5338682966740183
MERCEDES BENZ,MERCEDES BENZ A-Class Sedan (V177) (2018-Present),0.5245724756522133
MERCEDES BENZ,MERCEDES BENZ A-Class Sedan (V177) (2018-Present),0.5258506709638018
MERCEDES BENZ,MERCEDES BENZ A-Class Sedan (V177) (2018-Present),0.4429958393204876
MERCEDES BENZ,MERCEDES BENZ A-Class Sedan (V177) (2018-Present),0.3451223929388436
MERCEDES BENZ,MERCEDES BENZ A-Class Sedan (V177) (2018-Present),0.5643246538559206
MERCEDES BENZ,MERCEDES BENZ A-Class Sedan (V177) (2018-Present),0.5075728147541776
MERCEDES BENZ,MERCEDES BENZ A-Class Sedan (V177) (2018-Present),0.5169786922287761
MERCEDES BENZ,MERCEDES BENZ A-Class Sedan (V177) (2018-Present),0.4144300359382831
MERCEDES BENZ,MERCEDES BENZ A-Class Sedan (V177) (2018-Present),0.4068423601483298
MERCEDES BENZ,MERCEDES BENZ C-Class (A205) (2018-Present),0.42058041358087467
MERCEDES BENZ,MERCEDES BENZ C-Class (A205) (2018-Present),0.08759413355131405
MERCEDES BENZ,MERCEDES BENZ C-Class (A205) (2018-Present),-0.20234100684911055
MERCEDES BENZ,MERCEDES BENZ C-Class All-Terrain (2021-Present),0.3776930990319215
MERCEDES BENZ,MERCEDES BENZ C-Class All-Terrain (2021-Present),0.315855055632645
MERCEDES BENZ,MERCEDES BENZ SLC-Class (R172) (2016-Present),0.4413960119760249
MERCEDES BENZ,MERCEDES BENZ SLC-Class (R172) (2016-Present),0.4442864988633356
MERCEDES BENZ,MERCEDES BENZ SLC-Class (R172) (2016-Present),0.3754558599131586
MERCEDES BENZ,MERCEDES BENZ SLC-Class (R172) (2016-Present),0.3814496318930609
MERCEDES BENZ,MERCEDES BENZ SLC-Class (R172) (2016-Present),0.29590947250996974
MERCEDES BENZ,MERCEDES BENZ SLC-Class (R172) (2016-Present),0.2950523164724707
MERCEDES BENZ,MERCEDES BENZ T-Class (2022-Present),0.46048026405954146
MERCEDES BENZ,MERCEDES BENZ T-Class (2022-Present),0.4755403093472483
MERCEDES BENZ,MERCEDES BENZ T-Class (2022-Present),0.4733795266015487
MERCEDES BENZ,MERCEDES BENZ T-Class (2022-Present),0.45702545768543257
MERCEDES BENZ,MERCEDES BENZ T-Class (2022-Present),0.4512502964716639
MERCEDES BENZ,MERCEDES BENZ T-Class (2022-Present),0.4691333113820041
MERCEDES BENZ,MERCEDES BENZ T-Class (2022-Present),0.46938290447999625
Mercedes-AMG,2024 Mercedes-AMG GT Coupe,0.3662546943022974
Mercedes-AMG,2017 Mercedes-AMG GLS 63,0.36893725887945594
Mercedes-AMG,Mercedes-AMG C43 (2022-Present),0.03531954129729507
Mercedes-AMG,Mercedes-AMG C43 AMG Estate (2022-Present),0.04439183947483224
Mercedes-AMG,Mercedes-AMG SL-Class AMG (2021-Present),0.34136442122043564
Mercedes-AMG,Mercedes-AMG SL-Class AMG (2021-Present),0.34835352576162315
Mercedes-AMG,Mercedes-AMG SL-Class AMG (2021-Present),0.11241307500442663
MG,MG MG3 (2013-Present),0.5456910945325911
MINI,2021 Mini Countryman,0.586726972682335
MINI,2021 Mini Countryman,0.586726972682335
MINI,2021 Mini Countryman,0.576646581907688
MINI,2021 Mini Countryman,0.4883865082169646
MINI,2021 Mini Countryman,0.4924024853904579
MINI,2021 Mini Countryman,0.4707910340287485
MINI,2021 Mini Countryman,0.2750951366669778
MINI,2021 Mini Countryman,0.5364840975667112
MINI,2021 Mini Countryman,0.5344129739071056
MINI,2021 Mini Countryman,0.5292590673755301
MINI,2021 Mini Countryman,0.4723327670876044
MINI,2021 Mini Countryman,0.45941951593225094
MINI,2021 Mini Countryman,0.5900906283396377
MINI,2021 Mini Countryman,0.5865032076546604
MINI,2021 Mini Countryman,0.33921341148532275
MINI,MINI Mini Cooper 3-door (2021-Present),0.4174478014254291
MINI,MINI Mini Cooper 3-door (2021-Present),0.5141189414564442
MINI,MINI Mini Cooper 3-door (2021-Present),0.496338558834766
MINI,MINI Mini Cooper 3-door (2021-Present),0.44284382658036364
MINI,MINI Mini Cooper 3-door (2021-Present),0.43971682495625086
MINI,MINI Mini Cooper 3-door (2021-Present),0.4174478014254291
MINI,MINI Clubman (2019-Present),0.5854191904208769
MINI,MINI Clubman (2019-Present),0.5360321038998752
MITSUBISHI,2023 Mitsubishi ASX,0.5586083151078586
MITSUBISHI,2023 Mitsubishi ASX,0.5857219360881516
MITSUBISHI,2023 Mitsubishi ASX,0.5620149183170262
MITSUBISHI,2020 Mitsubishi ASX,0.5236375706578035
MITSUBISHI,MITSUBISHI Lancer Sportback (2008-Present),0.5570234475708631
MITSUBISHI,MITSUBISHI Lancer Sportback (2008-Present),0.5339838243665934
MITSUBISHI,MITSUBISHI Lancer Sportback (2008-Present),0.529496752373245
MITSUBISHI,MITSUBISHI Lancer Sportback (2008-Present),0.5357372781624532
MITSUBISHI,MITSUBISHI Space Star (2013-Present),0.47893460427846685
MITSUBISHI,MITSUBISHI Space Star (2013-Present),0.4776499748985031
MITSUBISHI,MITSUBISHI Space Star (2013-Present),0.48330558079708635
MITSUBISHI,MITSUBISHI Space Star (2013-Present),0.48300513128385847
NISSAN,NISSAN X-Trail (2022-Present),0.33813669108289124
NISSAN,NISSAN X-Trail (2022-Present),0.07060715735242204
NISSAN,NISSAN X-Trail (2022-Present),0.07176942723966372
NISSAN,NISSAN Juke (2019-Present),0.5848398298656273
NISSAN,NISSAN Juke (2019-Present),0.5845177934216647
NISSAN,NISSAN Patrol (2014-Present),0.2414598688687637
NISSAN,NISSAN Patrol (2014-Present),0.2480544939743627
NISSAN,NISSAN 370z Nismo (2014-Present),0.02715294106919921
NISSAN,NISSAN 370z Nismo (2014-Present),0.03903655317277387
NISSAN,NISSAN Pulsar (2014-Present),0.5948855017173494
NISSAN,NISSAN Pulsar (2014-Present),0.5837263654232825
NISSAN,NISSAN Pulsar (2014-Present),0.5344605752211847
NISSAN,NISSAN Pulsar (2014-Present),0.5675169717505424
NISSAN,NISSAN Primera Sedan (2002-Present),0.5396273334476852
NISSAN,NISSAN Primera Sedan (2002-Present),0.5374833951778202
NISSAN,NISSAN Primera Sedan (2002-Present),0.5043860262412729
NISSAN,NISSAN Primera Sedan (2002-Present),0.5553139153760316
NISSAN,NISSAN Primera Sedan (2002-Present),0.5181211368300072
NISSAN,NISSAN Primera Sedan (2002-Present),0.5359017120019018
NISSAN,NISSAN Cube (2008-Present),0.5141796082487834
NISSAN,NISSAN Cube (2008-Present),0.5105687621797197
NISSAN,NISSAN Cube (2008-Present),0.5066257355957765
NISSAN,NISSAN Cube (2008-Present),0.5065898784662359
NISSAN,NISSAN Cube (2008-Present),0.5059471841464004
NISSAN,2013 Nissan Juke Nismo,0.5002007021993035
NISSAN,2013 Nissan Juke Nismo,0.5093753283595022
NISSAN,2013 Nissan Juke Nismo,0.4916390172433741
NISSAN,2013 Nissan Juke Nismo,0.46440278240255484
OPEL,2020 Opel Corsa,0.5003559827910397
OPEL,2020 Opel Corsa,0.5096129760775568
OPEL,2020 Opel Corsa,0.5131342198270039
OPEL,2020 Opel Corsa,0.4932997460194512
OPEL,2020 Opel Corsa,0.47992053384097105
OPEL,OPEL Grandland (2021-Present),0.5503435505010832
OPEL,OPEL Grandland (2021-Present),0.548359786818118
OPEL,OPEL Grandland (2021-Present),0.5568541779784607
OPEL,OPEL Insignia Hatchback (2013-Present),0.4609396086783903
OPEL,OPEL Insignia Hatchback (2013-Present),0.4591432985177595
OPEL,OPEL Insignia Hatchback (2013-Present),0.4306797472197531
OPEL,OPEL Insignia Hatchback (2013-Present),0.21720547332535228
OPEL,OPEL Insignia Hatchback (2013-Present),0.23666666840618514
OPEL,OPEL Insignia Hatchback (2013-Present),0.017801777157695625
OPEL,OPEL Insignia Hatchback (2013-Present),0.017027450543523785
OPEL,OPEL Insignia Hatchback (2013-Present),0.3544324187926607
OPEL,OPEL Insignia Hatchback (2013-Present),0.35510169277611986
OPEL,OPEL Insignia Hatchback (2013-Present),0.3730534091505129
OPEL,OPEL Insignia Hatchback (2013-Present),0.4652842450055953
OPEL,2022 Opel Astra Sport Tourer,0.5569349996367307
OPEL,2022 Opel Astra Sport Tourer,0.554442444009932
OPEL,2022 Opel Astra Sport Tourer,0.5532409108592405
OPEL,2022 Opel Astra Sport Tourer,0.5496391140897122
OPEL,2022 Opel Astra Sport Tourer,0.5522586339802921
OPEL,OPEL Corsa 3 Doors (2014-Present),0.55111445687671
OPEL,OPEL Corsa 3 Doors (2014-Present),0.550098666639397
OPEL,OPEL Corsa 3 Doors (2014-Present),0.510422485438044
OPEL,OPEL Corsa 3 Doors (2014-Present),0.5440700087091755
OPEL,OPEL Corsa 3 Doors (2014-Present),0.5396855895498667
OPEL,OPEL Corsa 3 Doors (2014-Present),0.5447682567768446
OPEL,OPEL Corsa 3 Doors (2014-Present),0.5318662931829325
OPEL,OPEL Corsa 3 Doors (2014-Present),0.5540271480803408
OPEL,OPEL Corsa 3 Doors (2014-Present),0.5306517239305883
OPEL,OPEL Corsa 3 Doors (2014-Present),0.5197982687798846
OPEL,OPEL Corsa 3 Doors (2014-Present),0.5211672269585081
OPEL,OPEL Corsa 3 Doors (2014-Present),0.5263148322922457
OPEL,OPEL Corsa 3 Doors (2014-Present),0.5429225950211638
OPEL,OPEL Corsa 3 Doors (2014-Present),0.5254588665522085
OPEL,OPEL Insignia Sports Tourer (2017-Present),0.4622414919849725
OPEL,OPEL Insignia Sports Tourer (2017-Present),0.4393019852509741
OPEL,OPEL Insignia Sports Tourer (2017-Present),0.46074132105233084
OPEL,OPEL Insignia Sports Tourer (2017-Present),0.43590412011495144
OPEL,OPEL Insignia Sports Tourer (2017-Present),0.3532987475125343
OPEL,OPEL Astra Sport Sedan (2012-Present),0.5498536836026835
OPEL,OPEL Astra Sport Sedan (2012-Present),0.5640350957015425
OPEL,OPEL Astra Sport Sedan (2012-Present),0.5706280696164654
OPEL,OPEL Astra Sport Sedan (2012-Present),0.5747343813583695
OPEL,OPEL Astra Sport Sedan (2012-Present),0.5675276158034691
OPEL,OPEL Astra Sport Sedan (2012-Present),0.5409398720745283
OPEL,OPEL Astra Sport Sedan (2012-Present),0.5310574288873521
OPEL,OPEL Astra Sport Sedan (2012-Present),0.5193365730238989
OPEL,OPEL Astra Sport Sedan (2012-Present),0.5462226371054393
OPEL,OPEL Astra Sport Sedan (2012-Present),0.5446181305439013
OPEL,OPEL Astra Sport Sedan (2012-Present),0.5711215230354183
OPEL,OPEL Astra Sport Sedan (2012-Present),0.5739400210241403
OPEL,OPEL Astra Sport Sedan (2012-Present),0.5475086435116681
OPEL,OPEL Astra Sport Sedan (2012-Present),0.5691662363553582
OPEL,OPEL Astra Sport Sedan (2012-Present),0.571550453983981
OPEL,OPEL Crossland X (2017-Present),0.5557752853182095
OPEL,OPEL Crossland X (2017-Present),0.5832953382422073
OPEL,OPEL Crossland X (2017-Present),0.5718520296321635
OPEL,OPEL Crossland X (2017-Present),0.5857955343322259
OPEL,OPEL Crossland X (2017-Present),0.568315116724517
OPEL,OPEL Crossland X (2017-Present),0.564788330389235
OPEL,OPEL Crossland X (2017-Present),0.560403690164286
OPEL,OPEL Adam (2013-Present),0.4704611089078674
OPEL,OPEL Adam (2013-Present),0.4770204923445715
OPEL,OPEL Adam (2013-Present),0.4639228676859808
OPEL,OPEL Adam (2013-Present),0.4650318594408849
OPEL,OPEL Adam (2013-Present),0.47217615927042034
OPEL,OPEL Adam (2013-Present),0.47261289665207484
OPEL,OPEL Adam (2013-Present),0.47403367535930097
OPEL,OPEL Adam (2013-Present),0.47459195843525637
OPEL,2013 Opel Cascada Coupe Cabrio,0.5092627590503899
OPEL,2013 Opel Cascada Coupe Cabrio,0.5071798751952871
OPEL,2013 Opel Cascada Coupe Cabrio,0.46759771318350074
OPEL,2013 Opel Cascada Coupe Cabrio,0.46759771318350074
OPEL,2013 Opel Cascada Coupe Cabrio,0.41708497114530735
OPEL,2013 Opel Cascada Coupe Cabrio,0.3915826768031137
OPEL,2013 Opel Cascada Coupe Cabrio,0.44572968624687587
OPEL,2013 Opel Cascada Coupe Cabrio,0.4375190505983828
OPEL,OPEL Adam Rocks (2014-Present),0.4736389441172688
OPEL,OPEL Adam Rocks (2014-Present),0.4816414382800076
OPEL,OPEL Adam Rocks (2014-Present),0.4670529627171311
OPEL,OPEL Adam Rocks (2014-Present),0.4686569983052374
OPEL,OPEL Adam Rocks (2014-Present),0.4775400902846374
OPEL,OPEL Adam Rocks (2014-Present),0.4774375285813212
OPEL,OPEL Adam Rocks (2014-Present),0.47874042199386185
OPEL,OPEL Adam Rocks (2014-Present),0.47860371276855085
OPEL,OPEL Insignia Sports Tourer GSi (2017-Present),0.15576054596681477
OPEL,OPEL Insignia Country Tourer (2013-Present),0.22818571490707673
OPEL,OPEL Insignia Country Tourer (2013-Present),0.10336766882656317
OPEL,OPEL Insignia Country Tourer (2013-Present),0.08904806676718917
OPEL,OPEL Insignia Country Tourer (2013-Present),0.21990203939660868
OPEL,OPEL Insignia Country Tourer (2013-Present),0.2798254194114095
OPEL,OPEL Insignia Country Tourer (2013-Present),0.2832978078379029
OPEL,OPEL Insignia Country Tourer (2013-Present),0.29379705795468597
OPEL,OPEL Insignia Country Tourer (2013-Present),0.30155915298959685
OPEL,OPEL Astra GTC (2011-Present),0.5695321096989031
OPEL,OPEL Astra GTC (2011-Present),0.5445026553232144
OPEL,OPEL Astra GTC (2011-Present),0.5743302984711652
OPEL,OPEL Astra GTC (2011-Present),0.5335744369626223
OPEL,OPEL Astra GTC (2011-Present),0.4990546924049074
OPEL,OPEL Astra GTC (2011-Present),0.48436937684537057
OPEL,OPEL Astra GTC (2011-Present),0.5753370614709158
OPEL,OPEL Astra GTC (2011-Present),0.5776746085452695
OPEL,OPEL Astra GTC (2011-Present),0.5263598172104503
OPEL,OPEL Astra GTC (2011-Present),0.4619963314419589
PEUGEOT,2020 Peugeot 2008,0.5259738365560238
PEUGEOT,2020 Peugeot 2008,0.5176025942028928
PEUGEOT,2020 Peugeot 2008,0.518929241530388
PEUGEOT,2020 Peugeot 2008,0.4915943184838236
PEUGEOT,2020 Peugeot 2008,0.5078549021402174
PEUGEOT,2020 Peugeot 2008,0.5085338291609294
PEUGEOT,2018 Peugeot SW,0.496812986476561
PEUGEOT,2018 Peugeot SW,0.4946873194801686
PEUGEOT,2018 Peugeot SW,0.41356197680258194
PEUGEOT,PEUGEOT 308 GTi (2017-Present),0.38586773858663237
PEUGEOT,PEUGEOT 308 GTi (2017-Present),0.39676024484860284
PEUGEOT,PEUGEOT 5008 (2020-Present),0.4643087155910494
PEUGEOT,PEUGEOT 5008 (2020-Present),0.4264840156965667
PEUGEOT,PEUGEOT 5008 (2020-Present),0.3189709555032033
PEUGEOT,PEUGEOT 5008 (2020-Present),0.4695720976559
PEUGEOT,PEUGEOT 5008 (2020-Present),0.44598620498116026
PEUGEOT,PEUGEOT 5008 (2020-Present),0.32483509515145514
PEUGEOT,PEUGEOT 3008 (2020-Present),0.5114753648519555
PEUGEOT,PEUGEOT 3008 (2020-Present),0.5659732284741978
PEUGEOT,PEUGEOT 3008 (2020-Present),0.503092649921341
PEUGEOT,PEUGEOT 3008 (2020-Present),0.5749556878828549
PEUGEOT,PEUGEOT 3008 (2020-Present),0.5764303039003171
PEUGEOT,PEUGEOT 108 5 Door (2014-Present),0.43602778095431816
PEUGEOT,PEUGEOT 108 5 Door (2014-Present),0.4380544209271737
PEUGEOT,PEUGEOT 108 5 Door (2014-Present),0.43707750805116696
PEUGEOT,PEUGEOT 108 5 Door (2014-Present),0.4419689952725787
PORSCHE,2024 Porsche Cayenne S,0.4016656144877925
PORSCHE,2018 Cayenne S,0.2629894066202246
PORSCHE,2024 Porsche Cayenne,0.27323708935886193
PORSCHE,2018 Porsche Cayenne,0.24402459454440678
PORSCHE,2024 Cayenne E-Hybrid Coupe,-0.026242720816481355
PORSCHE,PORSCHE 911 GT3 (992) (2021-Present),0.16641106955684443
PORSCHE,PORSCHE 911 GT3 (992) (2021-Present),0.16951004741194306
PORSCHE,PORSCHE 911 Targa 4 GTS (2021-Present),0.16439780084955136
PORSCHE,PORSCHE Panamera GTS (971) (2020-Present),0.40906757683055084
PORSCHE,PORSCHE 911 Targa 4 (992) (2020-Present),0.07694859511745974
PORSCHE,PORSCHE Panamera (971) (2020-Present),0.2792617350718625
PORSCHE,PORSCHE Panamera 4 (971) (2020-Present),0.28645797819186214
PORSCHE,PORSCHE Panamera GTS Sport Turismo (971) (2020-Present),0.41303323662381874
PORSCHE,PORSCHE 911 Targa 4S (992) (2020-Present),0.13336798880023054
PORSCHE,PORSCHE 911 Targa 4S (992) (2020-Present),0.14369031154656836
PORSCHE,PORSCHE 911 Carrera S (992) (2019-Present),0.15024731202050373
PORSCHE,PORSCHE 911 Carrera Cabrio (992) (2019-Present),0.10949208440760279
PORSCHE,PORSCHE 911 Carrera Coupe (992) (2019-Present),0.1114899968009989
PORSCHE,PORSCHE 911 Carrera 4S (992) (2018-Present),0.16120565943394505
PORSCHE,PORSCHE Macan (95B) (2018-Present),0.07544697152807055
PORSCHE,PORSCHE Cayenne Turbo (PO536) (2017-Present),0.4131596739494334
PORSCHE,2024 Porsche Cayenne Turbo E-Hybrid,-0.16977870342130824
PORSCHE,PORSCHE Macan T (2022-Present),0.07674074087622691
PORSCHE,2019 Porsche 718 Spyder,0.1329382853466598
PORSCHE,PORSCHE Panamera 4S E-Hybrid (971) (2020-Present),-0.12144680277589708
PORSCHE,PORSCHE Panamera 4S E-Hybrid Executive (971) (2020-Present),-0.15185519739222159
PORSCHE,PORSCHE 718 Boxster S (982) (2016-Present),0.10936672773169516
PORSCHE,PORSCHE 718 Boxster S (982) (2016-Present),0.11052626011247745
PORSCHE,PORSCHE Panamera Turbo S Sport Turismo (971) (2020-Present),0.41015011321648603
PROTON,PROTON Preve (2011-Present),0.5663685689190112
PROTON,PROTON Preve (2011-Present),0.547978731498488
QOROS,QOROS 3 Hatchbach (2014-Present),0.5691627304131418
QOROS,QOROS 3 Hatchbach (2014-Present),0.5736575177035292
QOROS,QOROS 3 Hatchbach (2014-Present),0.5647153233053527
QOROS,QOROS 3 Sedan (2013-Present),0.562816680067837
QOROS,QOROS 3 Sedan (2013-Present),0.5688798412246469
QOROS,QOROS 3 Sedan (2013-Present),0.5476806254912919
QOROS,QOROS 3 Sedan (2013-Present),0.5518691705377619
RENAULT,2024 Renault Arkana,0.5692877477272976
RENAULT,2024 Renault Arkana,0.5596033434270121
RENAULT,2024 Renault Arkana,0.5767327061193618
RENAULT,2022 Renault Arkana,0.576058550046846
RENAULT,2022 Renault Arkana,0.5753419400874179
RENAULT,2020 Renault Arkana,0.4489524071449526
RENAULT,2020 Renault Arkana,0.44936390594424
RENAULT,2020 Renault Arkana,0.45431105710928377
RENAULT,2020 Renault Arkana,0.4395668066084505
RENAULT,2020 Renault Clio,0.565568464547831
RENAULT,2020 Renault Clio,0.48275838289422196
RENAULT,RENAULT Captur (2019-Present),0.5630112000014176
RENAULT,RENAULT Captur (2019-Present),0.5556458932669781
RENAULT,RENAULT Captur (2019-Present),0.5794099113262393
RENAULT,RENAULT Captur (2019-Present),0.5839599600633488
RENAULT,RENAULT Captur (2019-Present),0.5761320523397019
RENAULT,RENAULT Captur (2019-Present),0.5746368167019794
RENAULT,RENAULT Captur (2019-Present),0.5584219314016696
RENAULT,RENAULT Captur (2019-Present),0.5851781709089926
RENAULT,RENAULT Captur (2019-Present),0.5605686151911814
RENAULT,RENAULT Captur (2019-Present),0.5875180700157907
RENAULT,2019 Renault Koleos,0.37268066256650606
RENAULT,2014 Renault Twingo,0.4676619290779871
RENAULT,2014 Renault Twingo,0.4694798484664157
RENAULT,2014 Renault Twingo,0.45602054313647133
RENAULT,2014 Renault Twingo,0.4555684724695682
RENAULT,RENAULT Twingo GT (2007-Present),0.46436331952109805
RENAULT,RENAULT Scenic (2016-Present),0.5533750756340827
RENAULT,RENAULT Scenic (2016-Present),0.5568059530408853
RENAULT,RENAULT Scenic (2016-Present),0.5554375797100732
RENAULT,RENAULT Scenic (2016-Present),0.5360651762900271
RENAULT,RENAULT Scenic (2016-Present),0.5403465860159082
RENAULT,RENAULT Scenic (2016-Present),0.5428601940889731
RENAULT,RENAULT Scenic (2016-Present),0.5311649343849472
RENAULT,RENAULT Scenic (2016-Present),0.5377346976624796
RENAULT,RENAULT Scenic (2016-Present),0.5072458236991316
RENAULT,RENAULT Grand Scenic (2016-Present),0.4888612987549087
RENAULT,RENAULT Grand Scenic (2016-Present),0.49002430614616577
RENAULT,RENAULT Grand Scenic (2016-Present),0.48210952644615473
RENAULT,RENAULT Grand Scenic (2016-Present),0.3251660086368502
RENAULT,RENAULT Grand Scenic (2016-Present),0.1642379507713587
RENAULT,RENAULT Grand Scenic (2016-Present),0.4734788522771746
RENAULT,2013 Renault Grand Scenic,0.5177145004652954
RENAULT,2013 Renault Grand Scenic,0.5152859472423865
RENAULT,2013 Renault Grand Scenic,0.5093983035833912
RENAULT,2013 Renault Grand Scenic,0.5124199928300273
RENAULT,2013 Renault Grand Scenic,0.5047286207319905
RENAULT,RENAULT Megane Coupe - Cabrio (2014-Present),0.5438664870902782
RENAULT,RENAULT Megane Coupe - Cabrio (2014-Present),0.5024191879589162
RENAULT,RENAULT Megane Coupe - Cabrio (2014-Present),0.5423320444489615
RENAULT,RENAULT Megane Coupe - Cabrio (2014-Present),0.5505050590372341
RENAULT,RENAULT Megane Coupe - Cabrio (2014-Present),0.5365975781267824
RENAULT,RENAULT Scenic XMOD (2013-Present),0.5433072591142971
RENAULT,RENAULT Scenic XMOD (2013-Present),0.5377871812863387
RENAULT,RENAULT Scenic XMOD (2013-Present),0.5354962693928395
RENAULT,RENAULT Scenic XMOD (2013-Present),0.5431407798052393
RENAULT,RENAULT Scenic XMOD (2013-Present),0.5368601812610672
RENAULT,RENAULT Scenic XMOD (2013-Present),0.5315343853945944
RENAULT,RENAULT Laguna Coupe (2008-Present),0.4239855561485897
RENAULT,RENAULT Laguna Coupe (2008-Present),0.3746868471536994
RENAULT,RENAULT Laguna Coupe (2008-Present),-0.12941542449267093
RENAULT,RENAULT Laguna Coupe (2008-Present),0.5316647703209075
RENAULT,RENAULT Laguna Coupe (2008-Present),0.48051238964194615
RENAULT,RENAULT Laguna Coupe (2008-Present),0.3985457336262717
RENAULT,RENAULT Laguna Coupe (2008-Present),0.45650467164417796
RENAULT,RENAULT Laguna Coupe (2008-Present),0.4743330706370607
RENAULT,RENAULT Laguna Coupe (2008-Present),-0.153447595915638
RENAULT,RENAULT Latitude (2010-Present),0.43009302878314554
RENAULT,RENAULT Latitude (2010-Present),0.4310288552227949
RENAULT,RENAULT Latitude (2010-Present),0.33919414150683425
RENAULT,RENAULT Latitude (2010-Present),-0.0813851818962226
RENAULT,RENAULT Latitude (2010-Present),0.4885264003724106
RENAULT,RENAULT Latitude (2010-Present),0.385046503002918
RENAULT,RENAULT Latitude (2010-Present),0.4294757083832194
RENAULT,RENAULT Latitude (2010-Present),0.3858733939074366
RENAULT,RENAULT Latitude (2010-Present),-0.08076436691403789
SEAT,SEAT Arona (2021-Present),0.5701245801975607
SEAT,SEAT Arona (2021-Present),0.5724913217508443
SEAT,SEAT Arona (2021-Present),0.568077615014686
SEAT,SEAT Arona (2021-Present),0.5377178633850668
SEAT,SEAT Ibiza 5 Doors (2021-Present),0.5219984156962761
SEAT,SEAT Ateca (2020-Present),0.5374353339138668
SEAT,SEAT Leon SC 3-doors (2017-Present),0.4528928344276122
SEAT,SEAT Leon SC 3-doors (2017-Present),0.4513763064049012
SEAT,SEAT Leon SC 3-doors (2017-Present),0.46006489582690313
SEAT,SEAT Leon SC 3-doors (2017-Present),0.45492631655279264
SEAT,SEAT Leon SC 3-doors (2017-Present),0.44255680744710185
SEAT,SEAT Altea (2009-Present),0.5863005490738114
SEAT,SEAT Altea (2009-Present),0.5378555698029769
SEAT,SEAT Altea (2009-Present),0.5788340364359842
SEAT,SEAT Altea (2009-Present),0.5561052566570281
SEAT,SEAT Altea (2009-Present),0.529761212978484
SEAT,SEAT Altea (2009-Present),0.5349898457875618
SEAT,SEAT Altea (2009-Present),0.5756182427808445
SEAT,SEAT Altea (2009-Present),0.5777910630854604
SEAT,SEAT Altea (2009-Present),0.5715146280766875
SEAT,SEAT Altea (2009-Present),0.546131714214715
SEAT,SEAT Altea (2009-Present),0.5632355820617121
SEAT,SEAT Altea (2009-Present),0.5527558920157013
SEAT,SEAT Altea (2009-Present),0.5223112500372955
SEAT,SEAT Altea (2009-Present),0.5545982376082216
SEAT,SEAT Altea (2009-Present),0.5570789376617301
SEAT,SEAT Altea (2009-Present),0.5485464981761382
SEAT,SEAT Alhambra (2010-Present),0.33244764131877785
SEAT,SEAT Alhambra (2010-Present),0.3082032785816882
SEAT,SEAT Alhambra (2010-Present),0.3007528586497607
SEAT,SEAT Alhambra (2010-Present),0.2963884979325033
SEAT,SEAT Alhambra (2010-Present),0.2661032254281494
SEAT,SEAT Alhambra (2010-Present),0.32734902234808755
SEAT,SEAT Alhambra (2010-Present),0.3129561167412285
SEAT,SEAT Alhambra (2010-Present),0.24799618035757287
SEAT,SEAT Leon Cupra (2013-Present),0.34533872855304143
SEAT,SEAT Leon Cupra (2013-Present),0.3465418903945907
SEAT,SEAT Leon Cupra (2013-Present),0.35915589894664407
SEAT,SEAT Leon Cupra (2013-Present),0.3492037405050073
SEAT,SEAT Leon Cupra (2013-Present),0.34533872855304143
SEAT,SEAT Ibiza 5 doors (2017-Present),0.5193268228438819
SEAT,SEAT Ibiza 5 doors (2017-Present),0.48885967104121525
SEAT,2015 Seat Leon ST Cupra,0.3236353731656702
SEAT,2015 Seat Leon ST Cupra,0.33187685961236624
SEAT,SEAT Leon X-Perience (2014-Present),0.5118294941344049
SEAT,SEAT Leon X-Perience (2014-Present),0.4803321581102293
SEAT,SEAT Leon X-Perience (2014-Present),0.5326813671070544
SEAT,SEAT Leon X-Perience (2014-Present),0.4551664889491286
SEAT,SEAT Leon X-Perience (2014-Present),0.5217628274603623
SKODA,2020 Skoda Kamiq,0.5895452367432044
SKODA,2020 Skoda Kamiq,0.5910673367329672
SKODA,2020 Skoda Kamiq,0.5907692505565559
SKODA,2021 Skoda Kodiaq,0.40334525587624437
SKODA,2021 Skoda Kodiaq,0.3989898604993539
SKODA,2019 Skoda Scala,0.5853060177748961
SKODA,2019 Skoda Scala,0.5948605608312661
SKODA,2019 Skoda Scala,0.5841484954397869
SKODA,2019 Skoda Scala,0.5449742347401104
SKODA,2019 Skoda Scala,0.5839358298500502
SKODA,2019 Skoda Scala,0.5850334665772065
SKODA,SKODA Karoq (2021-Present),0.5641111968228075
SKODA,SKODA Karoq (2021-Present),0.5702495011380828
SKODA,SKODA Superb Scout (2019-Present),0.13225770698850714
SKODA,SKODA Superb Scout (2019-Present),0.3214374451666921
SKODA,SKODA Citigo 3 doors (2017-Present),0.4599970469397429
SKODA,SKODA Citigo 3 doors (2017-Present),0.46521786001765164
SKODA,SKODA Citigo 3 doors (2017-Present),0.4711422175705692
SKODA,SKODA Citigo 3 doors (2017-Present),0.4676418882989523
SKODA,SKODA Superb (2019-Present),0.43497416398907346
SKODA,SKODA Superb (2019-Present),0.4357482797231651
SKODA,SKODA Superb (2019-Present),0.4609781714000577
SKODA,SKODA Superb (2019-Present),0.38999114061337153
SKODA,SKODA Superb (2019-Present),0.3150583777521814
SKODA,SKODA Superb (2019-Present),0.30101924040420525
SKODA,SKODA Fabia Combi (2018-Present),0.48959835194013757
SKODA,SKODA Fabia Combi (2018-Present),0.5154284886321375
SKODA,SKODA Fabia Combi (2018-Present),0.510503482180605
SKODA,SKODA Fabia Combi (2018-Present),0.5137029145300118
SKODA,SKODA Rapid (2012-Present),0.5353798718181845
SKODA,SKODA Rapid (2012-Present),0.5624004542723046
SKODA,SKODA Rapid (2012-Present),0.5633193533340387
SKODA,SKODA Rapid (2012-Present),0.5650460651709047
SKODA,SKODA Rapid (2012-Present),0.5544654295987874
SKODA,SKODA Rapid (2012-Present),0.5563024352126389
SKODA,SKODA Rapid (2012-Present),0.5627236268143269
SKODA,SKODA Rapid (2012-Present),0.5533781483827508
SKODA,SKODA Rapid Spaceback (2013-Present),0.5698666638108982
SKODA,SKODA Rapid Spaceback (2013-Present),0.5713549651285877
SKODA,SKODA Rapid Spaceback (2013-Present),0.5629113480324103
SKODA,SKODA Rapid Spaceback (2013-Present),0.5719400971239335
SKODA,SKODA Rapid Spaceback (2013-Present),0.5696080072722435
SKODA,SKODA Rapid Spaceback (2013-Present),0.5698480100494504
SKODA,SKODA Rapid Spaceback (2013-Present),0.5580349973343871
SSANGYONG,2016 SsangYong Tivoli XLV,0.5048850696625042
SSANGYONG,2016 SsangYong Tivoli XLV,0.49906270780665124
SSANGYONG,2016 SsangYong Tivoli XLV,0.517454728551874
SSANGYONG,2016 SsangYong Tivoli XLV,0.5133967672592555
SUZUKI,SUZUKI Swift Sport (2017-Present),0.4996020929913823
SUZUKI,SUZUKI Ignis (2019-Present),0.474671838047297
SUZUKI,SUZUKI Ignis (2019-Present),0.46596731135234265
SUZUKI,SUZUKI Ignis (2019-Present),0.4709381162356188
SUZUKI,SUZUKI Vitara (2018-Present),0.56283323206153
SUZUKI,SUZUKI Vitara (2018-Present),0.5628041978895783
SUZUKI,SUZUKI Vitara (2018-Present),0.5591862746881007
SUZUKI,SUZUKI Vitara (2018-Present),0.5562646324181784
SUZUKI,SUZUKI Vitara (2018-Present),0.5547394407382265
SUZUKI,SUZUKI Vitara (2018-Present),0.5575015995163944
SUZUKI,SUZUKI Vitara (2018-Present),0.554224360359138
SUZUKI,SUZUKI Vitara (2018-Present),0.5589853096612581
SUZUKI,SUZUKI Vitara (2018-Present),0.5632446697696976
SUZUKI,SUZUKI Vitara (2018-Present),0.5606114768140797
SUZUKI,SUZUKI SX4 S-Cross (2016-Present),0.5882876095850298
SUZUKI,SUZUKI SX4 S-Cross (2016-Present),0.5806777627021344
SUZUKI,SUZUKI SX4 S-Cross (2016-Present),0.591072999700209
SUZUKI,SUZUKI SX4 S-Cross (2016-Present),0.5871629375701364
SUZUKI,SUZUKI SX4 S-Cross (2016-Present),0.5916688842112194
SUZUKI,SUZUKI SX4 S-Cross (2016-Present),0.5671264830463226
SUZUKI,SUZUKI SX4 S-Cross (2016-Present),0.5663622916289069
SUZUKI,SUZUKI Grand Vitara 3 Doors (2008-Present),0.45207180592304924
SUZUKI,SUZUKI Grand Vitara 3 Doors (2008-Present),0.4178714598218698
SUZUKI,SUZUKI Grand Vitara 3 Doors (2008-Present),0.4227610231628631
SUZUKI,SUZUKI Baleno (2016-Present),0.5382580403006638
SUZUKI,SUZUKI Baleno (2016-Present),0.5425928842493386
SUZUKI,SUZUKI Baleno (2016-Present),0.5331985266270225
SUZUKI,SUZUKI Baleno (2016-Present),0.5341414287086976
TOYOTA,2020 Toyota C-HR,0.5892976112874434
TOYOTA,2020 Toyota C-HR,0.5881822647607428
TOYOTA,2020 Toyota C-HR,0.5892976112874434
TOYOTA,2020 Toyota C-HR,0.5439774023376274
TOYOTA,2020 Toyota C-HR,0.5577792387588322
TOYOTA,2020 Toyota C-HR,0.5374581292248298
TOYOTA,TOYOTA Corolla Cross (2022-Present),0.525120874718282
TOYOTA,TOYOTA Corolla Cross (2022-Present),0.4848351672124496
TOYOTA,TOYOTA Corolla Cross (2022-Present),0.4933098217331531
TOYOTA,TOYOTA AURIS (2018-Present),0.591644733519714
TOYOTA,TOYOTA AURIS (2018-Present),0.5892170203411371
TOYOTA,TOYOTA AURIS (2018-Present),0.5740732480540807
TOYOTA,TOYOTA AURIS (2018-Present),0.5749510201636618
TOYOTA,TOYOTA AURIS (2018-Present),0.5803062798528458
TOYOTA,TOYOTA AURIS (2018-Present),0.5753889154279178
TOYOTA,TOYOTA AURIS (2018-Present),0.5841833785759454
TOYOTA,TOYOTA Aygo (2018-Present),0.4344112369764017
TOYOTA,TOYOTA Aygo (2018-Present),0.4357723254807005
TOYOTA,TOYOTA Rav4 (2018-Present),0.36669544994668796
TOYOTA,TOYOTA Rav4 (2018-Present),0.3253895963646474
TOYOTA,TOYOTA Corolla (2018-Present),0.5876436982558241
TOYOTA,TOYOTA Corolla (2018-Present),0.5888004342060134
TOYOTA,TOYOTA Corolla (2018-Present),0.5345160106781255
TOYOTA,TOYOTA Corolla (2018-Present),0.5248822584590278
TOYOTA,TOYOTA Fortuner (2015-Present),0.18308341736638292
TOYOTA,TOYOTA Avensis Wagon (2015-Present),0.5195467492804776
TOYOTA,TOYOTA Avensis Wagon (2015-Present),0.5255279660460012
TOYOTA,TOYOTA Avensis Wagon (2015-Present),0.5300678017138972
TOYOTA,TOYOTA Avensis Wagon (2015-Present),0.5184325260187811
TOYOTA,TOYOTA Avensis (2015-Present),0.5354887413029739
TOYOTA,TOYOTA Avensis (2015-Present),0.5394237379290547
TOYOTA,TOYOTA Avensis (2015-Present),0.5455912643158084
TOYOTA,TOYOTA Avensis (2015-Present),0.5322753268603738
TOYOTA,TOYOTA Supra (2019-Present),0.27102059037302545
TOYOTA,TOYOTA Aygo X (2021-Present),0.4746120502810289
TOYOTA,TOYOTA Aygo X (2021-Present),0.4724578541923306
TOYOTA,TOYOTA Verso-S (2010-Present),0.5349065476307762
TOYOTA,TOYOTA Verso-S (2010-Present),0.5316845741743523
TOYOTA,TOYOTA Verso-S (2010-Present),0.5421819431543766
TOYOTA,TOYOTA Verso-S (2010-Present),0.5453252147102683
VAUXHALL,2022 Vauxhall Astra Sports Tourer,0.502941236328389
VAUXHALL,2022 Vauxhall Astra Sports Tourer,0.4899334161713391
VAUXHALL,2022 Vauxhall Astra Sports Tourer,0.48405966044071624
VAUXHALL,2022 Vauxhall Astra Sports Tourer,0.4688308016306298
VAUXHALL,2022 Vauxhall Astra Sports Tourer,0.46616887103373833
VOLKSWAGEN,2024 Volkswagen Touareg,-0.15224429437015483
VOLKSWAGEN,2019 Volkswagen Touareg,-0.049621462628447126
VOLKSWAGEN,2019 Volkswagen Touareg,-0.07522511720548877
VOLKSWAGEN,2019 Volkswagen Touareg,0.26239958257754725
VOLKSWAGEN,2019 Volkswagen Touareg,-0.14261722439912666
VOLKSWAGEN,2019 Volkswagen Touareg,0.3724439688884564
VOLKSWAGEN,2019 Volkswagen Touareg,0.293726026599124
VOLKSWAGEN,2020 Volkswagen Passat Variant,0.41060111205006616
VOLKSWAGEN,2020 Volkswagen Passat Variant,0.4039637742184177
VOLKSWAGEN,2020 Volkswagen Passat Variant,0.3782063826390394
VOLKSWAGEN,2022 Volkswagen Multivan,-0.08905201512462568
VOLKSWAGEN,2022 Volkswagen Multivan,-0.06487877795589153
VOLKSWAGEN,2022 Volkswagen Multivan,-0.016253519965476474
VOLKSWAGEN,2022 Volkswagen Multivan,-0.0012212021784164442
VOLKSWAGEN,2022 Volkswagen Multivan,-0.04909738298302572
VOLKSWAGEN,2022 Volkswagen Multivan,-0.039689460866274104
VOLKSWAGEN,VOLKSWAGEN Golf R Variant (2021-Present),0.1729711033634009
VOLKSWAGEN,VOLKSWAGEN T-Roc (2021-Present),0.5850126390652378
VOLKSWAGEN,VOLKSWAGEN T-Roc (2021-Present),0.5618895474175059
VOLKSWAGEN,VOLKSWAGEN T-Roc (2021-Present),0.5609380141839907
VOLKSWAGEN,VOLKSWAGEN T-Roc (2021-Present),0.5753519698598563
VOLKSWAGEN,VOLKSWAGEN T-Roc (2021-Present),0.5542583272625738
VOLKSWAGEN,2022 Volkswagen Polo GTI,0.4189429325056251
VOLKSWAGEN,VOLKSWAGEN Golf Variant (2020-Present),0.5637488251221419
VOLKSWAGEN,VOLKSWAGEN Golf Variant (2020-Present),0.5522580893081206
VOLKSWAGEN,VOLKSWAGEN Golf Variant (2020-Present),0.53193688061739
VOLKSWAGEN,VOLKSWAGEN Golf Variant (2020-Present),0.553289845781079
VOLKSWAGEN,VOLKSWAGEN Golf Variant (2020-Present),0.5008149524429243
VOLKSWAGEN,VOLKSWAGEN Golf Variant (2020-Present),0.5664927122927353
VOLKSWAGEN,VOLKSWAGEN Golf Variant (2020-Present),0.5320182051876758
VOLKSWAGEN,VOLKSWAGEN Tiguan Allspace (2021-Present),0.4399650382990479
VOLKSWAGEN,VOLKSWAGEN Tiguan Allspace (2021-Present),0.42795293281067526
VOLKSWAGEN,VOLKSWAGEN Tiguan Allspace (2021-Present),0.3102858507652278
VOLKSWAGEN,VOLKSWAGEN Tiguan Allspace (2021-Present),0.20151643761902144
VOLKSWAGEN,VOLKSWAGEN Tiguan Allspace (2021-Present),0.37574960766467574
VOLKSWAGEN,VOLKSWAGEN Tiguan Allspace (2021-Present),0.2931809584367048
VOLKSWAGEN,VOLKSWAGEN Tiguan Allspace (2021-Present),0.41120047331271564
VOLKSWAGEN,VOLKSWAGEN Tiguan Allspace (2021-Present),0.39871531171086416
VOLKSWAGEN,VOLKSWAGEN CrossGolf (2010-Present),0.5614086793580702
VOLKSWAGEN,VOLKSWAGEN CrossGolf (2010-Present),0.5561281018006504
VOLKSWAGEN,VOLKSWAGEN CrossGolf (2010-Present),0.5264504839979183
VOLKSWAGEN,VOLKSWAGEN CrossGolf (2010-Present),0.5575945020221255
VOLKSWAGEN,VOLKSWAGEN CrossGolf (2010-Present),0.5248605616709116
VOLKSWAGEN,VOLKSWAGEN CrossGolf (2010-Present),0.5417793267009725
VOLKSWAGEN,VOLKSWAGEN CrossGolf (2010-Present),0.557648406130549
VOLKSWAGEN,VOLKSWAGEN CrossGolf (2010-Present),0.5612524628856047
VOLKSWAGEN,VOLKSWAGEN CrossGolf (2010-Present),0.5363237308906144
VOLKSWAGEN,VOLKSWAGEN Passat Alltrack (2019-Present),0.12835088208225015
VOLKSWAGEN,VOLKSWAGEN Passat Alltrack (2019-Present),0.3115321253022049
VOLKSWAGEN,VOLKSWAGEN Passat (2019-Present),0.4948271255007995
VOLKSWAGEN,VOLKSWAGEN Passat (2019-Present),0.4885559003460285
VOLKSWAGEN,VOLKSWAGEN Passat (2019-Present),0.5198790128570729
VOLKSWAGEN,VOLKSWAGEN Passat (2019-Present),0.4554951913562836
VOLKSWAGEN,VOLKSWAGEN Passat (2019-Present),0.4554951913562836
VOLKSWAGEN,VOLKSWAGEN Golf Sportsvan (2017-Present),0.5762333161535963
VOLKSWAGEN,VOLKSWAGEN Golf Sportsvan (2017-Present),0.5912198371969194
VOLKSWAGEN,VOLKSWAGEN Golf Sportsvan (2017-Present),0.584153391290712
VOLKSWAGEN,VOLKSWAGEN Golf Sportsvan (2017-Present),0.5855078992275058
VOLKSWAGEN,VOLKSWAGEN Golf Sportsvan (2017-Present),0.5806044721215889
VOLKSWAGEN,VOLKSWAGEN Golf Sportsvan (2017-Present),0.5662797401080099
VOLKSWAGEN,VOLKSWAGEN up! 5 doors (2016-Present),0.4637893583681784
VOLKSWAGEN,VOLKSWAGEN up! 5 doors (2016-Present),0.46509529958263884
VOLKSWAGEN,VOLKSWAGEN up! 5 doors (2016-Present),0.46846194309459005
VOLKSWAGEN,VOLKSWAGEN up! 5 doors (2016-Present),0.4688868303903106
VOLKSWAGEN,VOLKSWAGEN Touran (2015-Present),0.4708263388845425
VOLKSWAGEN,VOLKSWAGEN Touran (2015-Present),0.47291646436951246
VOLKSWAGEN,VOLKSWAGEN Touran (2015-Present),0.43888455091033424
VOLKSWAGEN,VOLKSWAGEN Touran (2015-Present),0.43830086635238047
VOLKSWAGEN,VOLKSWAGEN Touran (2015-Present),0.3955694952954465
VOLKSWAGEN,VOLKSWAGEN Touran (2015-Present),0.4616688588383823
VOLKSWAGEN,VOLKSWAGEN Touran (2015-Present),0.40944028227828433
VOLKSWAGEN,VOLKSWAGEN Touran (2015-Present),0.4029310103097167
VOLKSWAGEN,VOLKSWAGEN Touran (2015-Present),0.34086644325673615
VOLKSWAGEN,VOLKSWAGEN CrossTouran (2011-Present),0.4828949877782817
VOLKSWAGEN,VOLKSWAGEN CrossTouran (2011-Present),0.48193904506670293
VOLKSWAGEN,VOLKSWAGEN CrossTouran (2011-Present),0.45597993083578303
VOLKSWAGEN,VOLKSWAGEN CrossTouran (2011-Present),0.49560769897454077
VOLKSWAGEN,VOLKSWAGEN CrossTouran (2011-Present),0.49350364052980494
VOLKSWAGEN,VOLKSWAGEN CrossTouran (2011-Present),0.46682296046032357
VOLKSWAGEN,VOLKSWAGEN CrossTouran (2011-Present),0.4321588247299046
VOLKSWAGEN,VOLKSWAGEN CrossTouran (2011-Present),0.472305040466
VOLKSWAGEN,VOLKSWAGEN Scirocco R (2014-Present),0.2984824274383979
VOLKSWAGEN,VOLKSWAGEN Scirocco R (2014-Present),0.32985357479802757
VOLKSWAGEN,VOLKSWAGEN Scirocco (2014-Present),0.5611596896118627
VOLKSWAGEN,VOLKSWAGEN Scirocco (2014-Present),0.4701364173698379
VOLKSWAGEN,VOLKSWAGEN Scirocco (2014-Present),0.4445872916355365
VOLKSWAGEN,VOLKSWAGEN Scirocco (2014-Present),0.47412269985287087
VOLKSWAGEN,VOLKSWAGEN Scirocco (2014-Present),0.4175028708295923
VOLKSWAGEN,VOLKSWAGEN Scirocco (2014-Present),0.5158907993044706
VOLKSWAGEN,VOLKSWAGEN Scirocco (2014-Present),0.4603231073270153
VOLKSWAGEN,VOLKSWAGEN Scirocco (2014-Present),0.5106643912755475
VOLKSWAGEN,VOLKSWAGEN Scirocco (2014-Present),0.45915101854176904
VOLKSWAGEN,VOLKSWAGEN Sharan (2010-Present),0.27488098624176854
VOLKSWAGEN,VOLKSWAGEN Sharan (2010-Present),0.14298785597072183
VOLKSWAGEN,VOLKSWAGEN Sharan (2010-Present),0.25417159428316166
VOLKSWAGEN,VOLKSWAGEN Sharan (2010-Present),0.19989280797580997
VOLKSWAGEN,2019 Volkswagen T-Cross,0.5557180314634432
VOLKSWAGEN,2019 Volkswagen T-Cross,0.5545569643783249
VOLKSWAGEN,2019 Volkswagen T-Cross,0.5515160900155996
VOLKSWAGEN,2019 Volkswagen T-Cross,0.5520997103732274
VOLKSWAGEN,2019 Volkswagen T-Cross,0.5505056734214935
VOLVO,VOLVO S90 (2019-Present),0.26107050881168636
VOLVO,VOLVO S90 (2019-Present),0.18654661671531542
VOLVO,VOLVO S90 (2019-Present),0.014466823207946103
VOLVO,VOLVO S90 (2019-Present),0.39139835952747015
VOLVO,VOLVO S90 (2019-Present),0.3873862114379089
VOLVO,VOLVO S90 (2019-Present),0.3013134096429713
VOLVO,VOLVO S90 (2019-Present),0.12200538966812553
VOLVO,VOLVO S90 (2019-Present),0.1308456472222628
VOLVO,VOLVO V90 (2019-Present),0.2985501160923683
VOLVO,VOLVO V90 (2019-Present),0.18396569650685907
VOLVO,VOLVO V90 (2019-Present),0.017921685913346235
VOLVO,VOLVO V90 (2019-Present),0.394496262818024
VOLVO,VOLVO V90 (2019-Present),0.390524906853359
VOLVO,VOLVO V90 (2019-Present),0.3716096062350651
VOLVO,VOLVO V90 (2019-Present),0.3057834135813545
VOLVO,VOLVO V90 (2019-Present),0.1376583000527404
VOLVO,VOLVO V90 (2019-Present),0.13135480069861355
VOLVO,VOLVO V90 Cross Country (2019-Present),0.1481522715382233
VOLVO,VOLVO V90 Cross Country (2019-Present),0.04286323849515191
VOLVO,VOLVO V90 Cross Country (2019-Present),0.27476483443587096
VOLVO,VOLVO V90 Cross Country (2019-Present),0.27476483443587096
VOLVO,VOLVO V90 Cross Country (2019-Present),0.20972264057380696
VOLVO,VOLVO V60 Cross Country (2018-Present),0.11693285899572624
VOLVO,VOLVO V60 Cross Country (2018-Present),0.31026256322023776
VOLVO,VOLVO V60 Cross Country (2018-Present),0.23510894390131654
VOLVO,VOLVO S60 (2018-Present),0.29092866273418305
VOLVO,VOLVO S60 (2018-Present),0.18123084307346826
VOLVO,VOLVO S60 (2018-Present),0.17830860016374586
VOLVO,VOLVO S60 (2018-Present),0.046882634920135724
VOLVO,VOLVO S60 (2018-Present),0.12941153038443098
VOLVO,VOLVO V60 (2018-Present),0.3380287098514498
VOLVO,VOLVO V60 (2018-Present),0.2426738093734589
VOLVO,VOLVO V60 (2018-Present),0.22921605690859836
VOLVO,VOLVO V60 (2018-Present),0.44636442781516916
VOLVO,VOLVO V60 (2018-Present),0.44199059488336095
VOLVO,VOLVO V60 (2018-Present),0.4309141060831787
VOLVO,VOLVO V60 (2018-Present),0.35357658631464717
VOLVO,VOLVO V60 (2018-Present),0.35357658631464717
VOLVO,VOLVO V60 (2018-Present),0.3447865257866632
VOLVO,VOLVO XC60 (2017-Present),0.2625232054570156
